product_code,brand,name_ko,barcode,name_en,name_ru,pcs_per_carton,price_supply,commission,price_unit,W,H,L,CBM,hscode
PDSP009,PEDISON,페디슨 인스티튜트 보떼 아로니아 컬러 프로텍션 헤어 샴푸 2L,8802929002835,PEDISON Institute-beaut Aronia Color Protection Shampoo,"[Pedison] Шампунь для волос АРОНИЯ Institute-beaut Aronia Color Protection Shampoo, 2000 мл",6,"5,840",617,"6,457",6,13,14,0.0278,3305.10-0000
PDSPM09,PEDISON,페디슨 인스티튜트 보떼 아로니아 컬러 프로텍션 헤어 샴푸 500ml,8802929004761,PEDISON Institute-beaut Aronia Color Protection Shampoo 500ml,"[Pedison] Шампунь для волос АРОНИЯ Institute-beaute Aronia Color Protection Shampoo, 500 мл",20,"3,137",347,"3,484",20,11,12,0.02831,3305.10-0000
PDSPT09,PEDISON,페디슨 인스티튜트 보떼 아로니아 컬러 프로텍션 헤어 샴푸 100ml,8802929004839,PEDISON Institute-beaut Aronia Color Protection Shampoo 100ml,"[Pedison] Шампунь для волос АРОНИЯ Institute-beaute Aronia Color Protection Shampoo, 100 мл",80,"1,016",135,"1,151",80,9.5,10.5,0.0359,3305.10-0000
PDRS006,PEDISON,페디슨 인스티튜트 보떼 아로니아 컬러 프로텍션 헤어 트리트먼트 2L,8802929002842,PEDISON Institute-beaut Aronia Color Protection Treatment,"[Pedison] Маска для волос АРОНИЯ Institute-beaut Aronia Color Protection Treatment, 2000 мл",6,"6,381",671,"7,052",6,13,14,0.0278,3305.90-1000
PDRSM06,PEDISON,페디슨 인스티튜트 보떼 아로니아 컬러 프로텍션 헤어 트리트먼트 500ml,8802929004815,PEDISON Institute-beaut Aronia Color Protection Treatment 500ml,"[Pedison] Маска для волос АРОНИЯ Institute-beaut Aronia Color Protection Treatment, 500 мл",20,"3,137",347,"3,484",20,11,12,0.02831,3305.90-1000
PDRST06,PEDISON,페디슨 인스티튜트 보떼 아로니아 컬러 프로텍션 헤어 트리트먼트 100ml,8802929004877,PEDISON Institute-beaut Aronia Color Protection Treatment 100ml,"[Pedison] Маска для волос АРОНИЯ Institute-beaut Aronia Color Protection Treatment, 100 мл",80,"1,016",135,"1,151",80,9.5,10.5,0.0359,3305.90-1000
PDSP003,PEDISON,페디슨 인스티튜트 보떼 한방 뿌리 케어 헤어샴푸(Hair Shampoo) 750 ml,8802929000046,Pedison Institut-beaute Oriental Root Care Shampoo,"[Pedison] Шампунь для волос ТРАВЫ Institut-beaute Oriental Root Care Shampoo, 750 мл",20,"3,407",374,"3,781",20,16.8,17.8,0.0311,3305.10-0000
PDRS001,PEDISON,페디슨 인스티튜트 보떼 한방 뿌리 케어 헤어 컨디셔너(Hair Conditioner) 750 ml,8802929000053,Pedison Institut-beaute Oriental Root Care Conditioner,"[Pedison] Кондиционер для волос ТРАВЫ Institut-beaute Oriental Root Care Conditioner, 750 мл",20,"3,407",374,"3,781",20,16.5,17.5,0.0311,3305.90-1000
PDSP006,PEDISON,페디슨 인스티튜트 보떼 망고 리치 단백질 헤어 샴푸 2L,8802929002170,PEDISON Institute-Beaute Mango Rich Protein Hair Shampoo,"[Pedison] Шампунь для волос МАНГО Institute-Beaute Mango Rich Protein Hair Shampoo, 2000 мл",6,"5,840",617,"6,457",6,13,14,0.0278,3305.10-0000
PDSPM06,PEDISON,페디슨 인스티튜트 보떼 망고 리치 단백질 헤어 샴푸 500ml,8802929004747,PEDISON Institute-Beaute Mango Rich Protein Hair Shampoo 500ml,"[Pedison] Шампунь для волос МАНГО Institute-Beaute Mango Rich Protein Hair Shampoo, 500 мл",20,"3,137",347,"3,484",20,11,12,0.02831,3305.10-0000
PDSPT06,PEDISON,페디슨 인스티튜트 보떼 망고 리치 단백질 헤어 샴푸 100ml,8802929004853,PEDISON Institute-Beaute Mango Rich Protein Hair Shampoo 100ml,"[Pedison] Шампунь для волос МАНГО Institute-Beaute Mango Rich Protein Hair Shampoo, 100 мл",80,"1,016",135,"1,151",80,9.5,10.5,0.0359,3305.10-0000
PDRS004,PEDISON,페디슨 인스티튜트 보떼 망고 리치 단백질 헤어 트리트먼트 2L,8802929002187,PEDISON Institut-Beaute Mango Rich LPP Treatment,"[Pedison] Маска для волос МАНГО Institut-Beaute Mango Rich LPP Treatment, 2000 мл",6,"6,381",671,"7,052",6,13,14,0.0278,3305.90-1000
PDRSM04,PEDISON,페디슨 인스티튜트 보떼 망고 리치 단백질 헤어 트리트먼트 500ml,8802929004754,PEDISON Institut-Beaute Mango Rich LPP Treatment 500ml,"[Pedison] Маска для волос МАНГО Institut-Beaute Mango Rich LPP Treatment, 500 мл",20,"3,137",347,"3,484",20,11,12,0.02831,3305.90-1000
PDRST04,PEDISON,페디슨 인스티튜트 보떼 망고 리치 단백질 헤어 트리트먼트 100ml,8802929004884,PEDISON Institut-Beaute Mango Rich LPP Treatment 100ml,"[Pedison] Маска для волос МАНГО Institut-Beaute Mango Rich LPP Treatment, 100 мл",80,"1,016",135,"1,151",80,9.5,10.5,0.0359,3305.90-1000
PDSP005,PEDISON,페디슨 인스티튜트보떼 프로폴리스 헤어샴푸(Propolis LPP shampoo) 2L,8802929001647,Pedison Institut-Beaute Propolis Protein Shampoo,"[Pedison] Шампунь для волос ПРОПОЛИС Institut-Beaute Propolis Protein Shampoo, 2000 мл",6,"5,840",617,"6,457",6,13,14,0.0278,3305.10-0000
PDSPM05,PEDISON,페디슨 인스티튜트보떼 프로폴리스 헤어샴푸(Propolis LPP shampoo) 500ml,8802929004556,Pedison Institut-Beaute Propolis Protein Shampoo 500ml,"[Pedison] Шампунь для волос ПРОПОЛИС Institut-Beaute Propolis Protein Shampoo, 500 мл",20,"3,028",336,"3,364",20,11,12,0.02831,3305.10-0000
PDSPT05,PEDISON,페디슨 인스티튜트보떼 프로폴리스 헤어샴푸 100ml,8802929004792,Pedison Institut-Beaute Propolis Protein Shampoo 100ml,"[Pedison] Шампунь для волос ПРОПОЛИС Institut-Beaute Propolis Protein Shampoo, 100 мл",80,"1,016",135,"1,151",80,9.5,10.5,0.0359,3305.10-0000
PDRS003,PEDISON,페디슨 인스티튜트보떼 프로폴리스 헤어트리트먼트(Propolis LPP treatment) 2L,8802929001654,Pedison Institut-Beaute Propolis LPP Treatment,"[Pedison] Маска для волос ПРОПОЛИС Institut-Beaute Propolis LPP Treatment, 2000 мл",6,"6,381",671,"7,052",6,13,14,0.0278,3305.90-1000
PDRSM03,PEDISON,페디슨 인스티튜트보떼 프로폴리스 헤어트리트먼트(Propolis LPP treatment) 500ml,8802929004563,Pedison Institut-Beaute Propolis LPP Treatment 500ml,"[Pedison] Маска для волос ПРОПОЛИС Institut-Beaute Propolis LPP Treatment, 500 мл",20,"3,028",318,"3,364",20,11,12,0.02831,3305.90-1000
PDRST03,PEDISON,페디슨 인스티튜트보떼 프로폴리스 헤어트리트먼트 100ml,8802929004808,Pedison Institut-Beaute Propolis LPP Treatment 100ml,"[Pedison] Маска для волос ПРОПОЛИС Institut-Beaute Propolis LPP Treatment, 100 мл",80,"1,016",135,"1,151",80,9.5,10.5,0.0359,3305.90-1000
PDIR011,PEDISON,페디슨 락토 플로라 릴리프 페미닌 클렌저 200g,8802929009537,PEDISON Lacto Flora Relief Feminine Cleanser 200g,,70,"3,276",361,"3,637",70,18.4,19.4,0.03787,3307.90-9000
PDIR012,PEDISON,페디슨 락토 그린 리프레쉬 페미닌 클렌저 200g,8802929009520,PEDISON Lacto Green Refresh Feminine Cleanser 200g,,70,"3,276",361,"3,637",70,18.4,19.4,0.03787,3307.90-9000
PDIR000,PEDISON,페디슨 메터니티 퓨어 페미닌 클렌저 200g_밸런스 케어,8802929996028,PEDISON Maternity Pure Feminine Cleanser 200g_Balance Care,,70,"3,140",347,"3,487",70,18.4,19.4,0.03787,3307.90-9000
PDIR008,PEDISON,페디슨 메터니티 퓨어 페미닌 클렌저 200g_허니 프로폴리스,8802929001692,PEDISON Maternity Pure Feminine Cleanser 200g_Honey Propolis,,70,"3,140",347,"3,487",70,18.4,19.4,0.03787,3307.90-9000
PDIR006,PEDISON,페디슨 메터니티 퓨어 페미닌 클렌저 200g_알로에&콜라겐,8802929001678,PEDISON Maternity Pure Feminine Cleanser 200g_Aloe & Collagen,,70,"3,140",347,"3,487",70,18.4,19.4,0.03787,3307.90-9000
PDIR002,PEDISON,페디슨 메터니티 퓨어 페미닌 클렌저 200g_플로랄 자무,8802929881706,PEDISON Maternity Pure Feminine Cleanser 200g_Floral Jamu,,70,"3,140",347,"3,487",70,18.4,19.4,0.03787,3307.90-9000
PDIR004,PEDISON,페디슨 메터니티 퓨어 페미닌 클렌저 200g_오리엔탈 허브,8802929882734,PEDISON Maternity Pure Feminine Cleanser 200g_Oriental Herb,,70,"3,140",347,"3,487",70,18.4,19.4,0.03787,3307.90-9000
PDHS001,PEDISON,페디슨 인스티튜트 보떼 아르간&퍼퓸 헤어세럼 130ml_ 로맨틱,8802929883724,PEDISON INSTITUT BEAUTE ARGAN PERFUME HAIR OIL SERUM 130ml_ROMANTIC,"[Pedison] Парфюмированная сыворотка для волос с аргановым маслом INSTITUT BEAUTE ARGAN PERFUME HAIR OIL SERUM_ROMANTIC, 130 мл",70,"5,464",580,"6,044",70,12.2,13.2,0.03366,3305.90-9000
PDHS002,PEDISON,페디슨 인스티튜트 보떼 아르간&퍼퓸 헤어세럼 130ml_ 소프트,8802929883731,PEDISON INSTITUT BEAUTE ARGAN PERFUME HAIR OIL SERUM 130ml_SOFT,"[Pedison] Парфюмированная сыворотка для волос с аргановым маслом INSTITUT BEAUTE ARGAN PERFUME HAIR OIL SERUM, 130 мл",70,"5,464",580,"6,044",70,12.2,13.2,0.03366,3305.90-9000
PDHS003,PEDISON,페디슨 인스티튜트 보떼 아르간&퍼퓸 헤어세럼 130ml_ 블루밍,8802929883748,PEDISON INSTITUT BEAUTE ARGAN PERFUME HAIR OIL SERUM 130ml_BLOOMING,"[Pedison] Парфюмированная сыворотка для волос с аргановым маслом INSTITUT BEAUTE ARGAN PERFUME HAIR OIL SERUM BLOOMING, 130 мл",70,"5,464",580,"6,044",70,12.2,13.2,0.03366,3305.90-9000
PDHS004,PEDISON,페디슨 인스티튜트 보떼 아르간&퍼퓸 헤어세럼 130ml_ 러브,8802929001449,PEDISON INSTITUT BEAUTE ARGAN PERFUME HAIR OIL SERUM 130ml_LOVE,"[Pedison] Парфюмированная сыворотка для волос с аргановым маслом INSTITUT BEAUTE ARGAN PERFUME HAIR OIL SERUM_LOVE, 130 мл",70,"5,464",580,"6,044",70,12.2,13.2,0.03366,3305.90-9000
PDHS005,PEDISON,페디슨 인스티튜트 보떼 아르간&퍼퓸 헤어세럼 130ml_ 프레쉬,8802929001456,PEDISON INSTITUT BEAUTE ARGAN PERFUME HAIR OIL SERUM 130ml_FRESH,"[Pedison] Парфюмированная сыворотка для волос с аргановым маслом INSTITUT BEAUTE ARGAN PERFUME HAIR OIL SERUM_FRESH, 130 мл",70,"5,464",580,"6,044",70,12.2,13.2,0.03366,3305.90-9000
VMSP007,VALMONA,밸르모나 비듬 두피 솔루션 슈가벨벳 샴푸,8802929003931,VALMONA Sugar Velvet Milk Shampoo,"[VALMONA] Шампунь для волос ЯГОДЫ Sugar Velvet Milk Shampoo, 480 мл",20,"3,515",385,"3,900",20,11,12,0.0238,3305.10-0000
VMSPM07,VALMONA,밸르모나 비듬 두피 솔루션 슈가벨벳 샴푸 100ml,8802929004341,VALMONA Sugar Velvet Milk Shampoo 100ml,"[VALMONA] Шампунь для волос ЯГОДЫ Sugar Velvet Milk Shampoo, 100 мл",80,"1,016",126,"1,151",80,9.5,10.5,0.0359,3305.10-0000
VMSPP07,VALMONA,밸르모나 비듬 두피 솔루션 슈가벨벳 샴푸 파우치 10ml,"(파우치)8802929005065
 (단상자)8802929005171",VALMONA Sugar Velvet Milk Shampoo  POUCH 10ml,,500,144,48,192,,,,,
VMRS007,VALMONA,밸르모나 비듬 두피 솔루션 슈가벨벳 컨디셔너,8802929003924,VALMONA Sugar Velvet Milk Nutrient Conditioner,"[VALMONA] Кондиционер ЯГОДЫ Sugar Velvet Milk Nutrient Conditioner, 480 мл",20,"3,515",385,"3,900",20,11,12,0.0238,3305.90-1000
VMRSM07,VALMONA,밸르모나 비듬 두피 솔루션 슈가벨벳 컨디셔너 100ml,8802929004358,VALMONA Sugar Velvet Milk Nutrient Conditioner 100ml,"[VALMONA] Кондиционер ЯГОДЫ Sugar Velvet Milk Nutrient Conditioner,100 мл",80,"1,016",126,"1,151",80,9.5,10.5,0.0359,3305.90-1000
VMRSP07,VALMONA,"밸르모나 비듬 두피 솔루션 슈가벨벳 컨디셔너 
 파우치 10ml","(파우치)8802929005102
 (단상자)8802929005188",VALMONA Sugar Velvet Milk Conditioner  POUCH 10ml,,500,144,48,192,,,,,
VMSP005,VALMONA,밸르모나 서리태 샴푸,8802929003788,VALMONA Powerful Solution Black Peony Seoritae Shampoo,"[VALMONA] Шампунь для волос ЧЕРНЫЙ ПИОН/БОБЫ Powerful Solution Black Peony Seoritae Shampoo, 480 мл",20,"3,515",385,"3,900",20,11,12,0.0238,3305.10-0000
VMSPMR5,VALMONA,밸르모나 서리태 샴푸 100ml,8802929004327,VALMONA Powerful Solution Black Peony Seoritae Shampoo 100ml,"[VALMONA] Шампунь для волос ЧЕРНЫЙ ПИОН/БОБЫ Powerful Solution Black Peony Seoritae Shampoo, 100 мл",80,"1,016",126,"1,151",80,9.5,10.5,0.0359,3305.10-0000
VMSPP05,VALMONA,밸르모나 서리태 샴푸 파우치 10ml,"(파우치)8802929005041
 (단상자)8802929005157",VALMONA Powerful Solution Black Peony Seoritae Shampoo  POUCH 10ml,,500,144,48,192,,,,,
VMRS005,VALMONA,밸르모나 서리태 컨디셔너,8802929003795,VALMONA Powerful Solution Black Peony Seoritae Nutrient Conditioner,"[VALMONA] Кондиционер ЧЕРНЫЙ ПИОН/БОБЫ Black Peony Seoritae Nutrient Conditioner, 480 мл",20,"3,515",385,"3,900",20,11,12,0.0238,3305.90-1000
VMRSM05,VALMONA,밸르모나 서리태 컨디셔너 100ml,8802929004334,VALMONA Powerful Solution Black Peony Seoritae Nutrient Conditioner 100ml,"[VALMONA] Кондиционер ЧЕРНЫЙ ПИОН/БОБЫ Black Peony Seoritae Nutrient Conditioner, 480 мл",80,"1,016",126,"1,151",80,9.5,10.5,0.0359,3305.90-1000
VMRSP05,VALMONA,밸르모나 서리태 컨디셔너 파우치 10ml,"(파우치)8802929005058
 (단상자)8802929005164",VALMONA Powerful Solution Black Peony Seoritae Nutrient Conditioner  POUCH 10ml,,500,144,48,192,,,,,
VMSP004,VALMONA,밸르모나 아유르베딕 두피 솔루션 블랙 커민 샴푸액 (Black Cumin Shampoo) 480ml,8802929883205,Valmona Ayurvedic Scalp Solution Black Cumin Shampoo,"[VALMONA] Шампунь для волос АЮРВЕДА Ayurvedic Scalp Solution Black Cumin Shampoo, 480 мл",20,"3,515",385,"3,900",20,11,12,0.0238,3305.10-0000
VMSPMR4,VALMONA,밸르모나 아유르베딕 두피 솔루션 블랙 커민 샴푸액 (Black Cumin Shampoo) 100ml,8802929004365,Valmona Ayurvedic Scalp Solution Black Cumin Shampoo 100ml,"[VALMONA] Шампунь для волос АЮРВЕДА Ayurvedic Scalp Solution Black Cumin Shampoo, 100 мл",80,"1,016",126,"1,151",80,9.5,10.5,0.0359,3305.10-0000
VMSPP04,VALMONA,밸르모나 아유르베딕 두피 솔루션 블랙 커민 샴푸 파우치 10ml,"(파우치)8802929005089
 (단상자)8802929005195",Valmona Ayurvedic Scalp Solution Black Cumin Shampoo  POUCH 10ml,,500,144,48,192,,,,,
VMRS004,VALMONA,밸르모나 아유르베딕 두피 솔루션 블랙 커민 컨디셔너 480ml,8802929002941,VALMONA Ayurvedic Repair Solution Black Cumin Nutrient Conditioner,"[VALMONA] Кондиционер для волос АЮРВЕДА Ayurvedic Repair Solution Black Cumin Nutrient Conditioner, 480 мл",20,"3,515",385,"3,900",20,11,12,0.0238,3305.90-1000
VMRSM04,VALMONA,밸르모나 아유르베딕 두피 솔루션 블랙 커민 컨디셔너 100ml,8802929004372,VALMONA Ayurvedic Repair Solution Black Cumin Nutrient Conditioner 100ml,"[VALMONA] Кондиционер для волос АЮРВЕДА Ayurvedic Repair Solution Black Cumin Nutrient Conditioner, 100 мл",80,"1,016",126,"1,151",80,9.5,10.5,0.0359,3305.90-1000
VMRSP04,VALMONA,밸르모나 아유르베딕 두피 솔루션 블랙 커민 컨디셔너 파우치 10ml,"(파우치)8802929005096
 (단상자)8802929005201",Valmona Ayurvedic Scalp Solution Black Cumin Nutrient Conditioner POUCH 10ml,,500,144,48,192,,,,,
VMSP008,VALMONA,밸르모나 요크마요 샴푸 480ml,8802929004440,VALMONA Yolk Mayo Shampoo,"[VALMONA] Шампунь для волос ПИТАНИЕ Nourishing Solution Yolk-Mayo Shampoo, 480 мл",20,"3,515",385,"3,900",20,11,12,0.0238,3305.10-0000
VMSPM08,VALMONA,밸르모나 요크마요 샴푸 100ml,8802929004495,VALMONA Yolk Mayo Shampoo 100ml,"[VALMONA] Шампунь для волос ПИТАНИЕ Nourishing Solution Yolk-Mayo Shampoo, 100 мл",80,"1,016",126,"1,151",80,9.5,10.5,0.0359,3305.10-0000
VMSPP08,VALMONA,밸르모나 요크마요 샴푸 파우치 10ml,"(파우치)8802929005133
 (단상자)8802929005232",VALMONA Yolk Mayo Shampoo POUCH 10ml,,500,144,48,192,,,,,
VMRS008,VALMONA,밸르모나 요크마요 영양팩 480ml,8802929004464,VALMONA Yolk Mayo Nutrient Conditioner,"[VALMONA] Кондиционер для волос ПИТАНИЕ Nourishing Solution Yolk-Mayo Nutrient Conditioner, 480 мл",20,"3,515",385,"3,900",20,11,12,0.0238,3305.90-1000
VMRSM08,VALMONA,밸르모나 요크마요 영양팩 100ml,8802929004518,VALMONA Yolk Mayo Nutrient Conditioner 100ml,"[VALMONA] Кондиционер для волос ПИТАНИЕ Nourishing Solution Yolk-Mayo Nutrient Conditioner, 100 мл",80,"1,016",126,"1,151",80,9.5,10.5,0.0359,3305.90-1000
VMRSP08,VALMONA,밸르모나 요크마요 영양팩 파우치 10ml,"(파우치)8802929005140
 (단상자)8802929005249",VALMONA Yolk Mayo Nutrient Conditioner POUCH 10ml,,500,144,48,192,,,,,
VMSP009,VALMONA,밸르모나 블루클리닉 샴푸 480ml,8802929004457,VALMONA Blue Clinic Shampoo,"[VALMONA] Шампунь для волос УВЛАЖНЕНИЕ Recharge Solution Blue Clinic Shampoo, 480 мл",20,"3,515",385,"3,900",20,11,12,0.0238,3305.10-0000
VMSPM09,VALMONA,밸르모나 블루클리닉 샴푸 100ml,8802929004488,VALMONA Blue Clinic Shampoo 100ml,"[VALMONA] Шампунь для волос УВЛАЖНЕНИЕ Recharge Solution Blue Clinic Shampoo, 100 мл",80,"1,016",126,"1,151",80,9.5,10.5,0.0359,3305.10-0000
VMSPP09,VALMONA,밸르모나 블루클리닉 샴푸 파우치 10ml,"(파우치)8802929005119
 (단상자)8802929005218",VALMONA Blue Clinic Shampoo POUCH 10ml,,500,144,48,192,,,,,
VMRS009,VALMONA,밸르모나 블루클리닉 컨디셔너 480ml,8802929004433,VALMONA Blue Clinic Nutrient Conditioner,"[VALMONA] Кондиционер для волос УВЛАЖНЕНИЕ Recharge Solution Blue Clinic Nutrient Conditioner,480 мл",20,"3,515",385,"3,900",20,11,12,0.0238,3305.90-1000
VMRSM09,VALMONA,밸르모나 블루클리닉 컨디셔너 100ml,8802929004501,VALMONA Blue Clinic Nutrient Conditioner 100ml,"[VALMONA] Кондиционер для волос УВЛАЖНЕНИЕ Recharge Solution Blue Clinic Nutrient Conditioner,100 мл",80,"1,016",126,"1,151",80,9.5,10.5,0.0359,3305.90-1000
VMRSP09,VALMONA,밸르모나 블루클리닉 컨디셔너 파우치 10ml,"(파우치)8802929005126
 (단상자)8802929005225",VALMONA Blue Clinic Nutrient Conditioner POUCH 10ml,,500,144,48,192,,,,,
VMSF001,VALMONA,밸르모나 얼쓰 테라피 스칼프 퓨리파이어 25ml,8802929006062,VALMONA Earth Therapy Scalp Purifier 25ml,"[VALMONA] Сыворотка для кожи головы УСПОКАИВАЮЩАЯ Earth Therapy Scalp Purifier, 25 мл",100,"2,055",239,"2,294",,,,,
VMSF3T1,VALMONA,밸르모나 얼쓰 테라피 스칼프 퓨리파이어 25ml * 3ea,8802929006079,VALMONA Earth Therapy Scalp Purifier 25ml * 3ea,"[VALMONA] НАБОР Сыворотка для кожи головы УСПОКАИВАЮЩАЯ Earth Therapy Scalp Purifier, 3 шт * 25 мл",100,"6,165",650,"6,815",,,,,
PVMSS0010,VALMONA,밸르모나 얼쓰 테라피 스칼프 스켈러 15ml,8802929006093,VALMONA Earth Therapy Scalp Scaler 15ml,"[VALMONA] Сыворотка для кожи головы ОЧИЩАЮЩАЯ Earth Therapy Scalp Scaler, 15 мл",600,"1,633",196,"1,829",,,,,
VMSS001,VALMONA,밸르모나 얼쓰 테라피 스칼프 스켈러 15ml * 6ea,8802929006093,VALMONA Earth Therapy Scalp Scaler 15ml * 6ea,"[VALMONA] НАБОР Сыворотка для кожи головы ОЧИЩАЮЩАЯ Earth Therapy Scalp Scaler, 6 шт * 15 мл",30,"7,462",779,"8,241",,,,,
PVMBA0010,VALMONA,밸르모나 얼쓰 리페어 본딩 앰플 15ml,8802929006109,VALMONA Earth Repair Bonding Ampoule 15ml,"[VALMONA] Сыворотка для волос ВОССТАНОВЛЕНИЕ Earth Repair Bonding Ampoule, 15 мл",100,"1,633",196,"1,829",,,,,
VMBA001,VALMONA,밸르모나 얼쓰 리페어 본딩 앰플 15ml * 6ea,8802929006109,VALMONA Earth Repair Bonding Ampoule 15ml * 6ea,"[VALMONA] НАБОР Сыворотка для волос ВОССТАНОВЛЕНИЕ Earth Repair Bonding Ampoule, 6 шт * 15 мл",30,"7,462",779,"8,241",,,,,
VMOL001,VALMONA,밸르모나 얼쓰 리페어 본딩 오일 30ml,8802929006284,VALMONA EARTH REPAIR BONDING OIL 30ml,"[VALMONA] Масло для волос ВОССТАНОВЛЕНИЕ Earth Repair Bonding Oil, 30 мл",96,"4,705",504,"5,209",,,,,
VMCP001,VALMONA,밸르모나 얼쓰 리페어 본딩 컴파운드 40ml,8802929006123,VALMONA Earth Repair Bonding Compound 40ml,"[VALMONA] Маска для волос Earth Repair Bonding Compound, 40 мл",110,"2,704",304,"3,008",,,,,
VMSP006,VALMONA,밸르모나 진생 헤리티지 고삼 샴푸 300ml,8802929007427,VALMONA Ginseng Heritage Gosam Shampoo,"[VALMONA] Шампунь для волос ЗАЩИТА / УКРЕПЛЕНИЕ Ginseng Heritage Gosam Shampoo, 300 мл",30,"2,812",314,"3,126",30,10.3,11.3,0.02184,3305.10-0000
VMSP013,VALMONA,밸르모나 얼쓰 바이탈 샴푸 500ml,8802929009414,VALMONA Earth Vital Shampoo 500ml,[VALMONA] Earth Vital Shampoo 500ml,30,"6,195",653,"6,848",20,11,12,0.03036,3305.10-0000
KBCR004,ROSEMINE,"키스바이 로즈마인 프래그런스 크림- 오,프레쉬 포에버",8802929004082,"Kiss by Rosemine Fragrance Cream -  Oh, Fresh Forever 140ml","[Kiss by Rosemine] Крем для тела ЦВЕТОЧНЫЙ АРОМАТ ИРИСА Fragrance Cream - Oh, Fresh Forever, 140 мл",60,"3,136",347,"3,483",60,11.38,12.38,0.03234,3304.99-1000
KBCR005,ROSEMINE,"키스바이 로즈마인 프래그런스 크림- 오,프레쉬 허브가든",8802929004099,"Kiss by Rosemine Fragrance Cream - Oh, Fresh Herb Garden 140ml","[Kiss by Rosemine] Крем для тела СВЕЖИЙ ТРАВЯНОЙ АРОМАТ Fragrance Cream - Oh, Fresh Herb Garden, 140 мл",60,"3,136",347,"3,483",60,11.38,12.38,0.03234,3304.99-1000
KBCR001,ROSEMINE,키스바이 로즈마인 프래그런스 크림- 글래머 센슈얼리티,8802929004105,Kiss by Rosemine Fragrance Cream - Glamour Sensuality 140ml,"[Kiss by Rosemine] Крем для тела ДРЕВЕСНО-МУСКУСНЫЙ АРОМАТ Fragrance Cream - Glamour Sensuality, 140 мл",60,"3,136",347,"3,483",60,11.38,12.38,0.03234,3304.99-1000
KBCR003,ROSEMINE,키스바이 로즈마인 프래그런스 크림- 글래머 프레셔스,8802929004112,Kiss by Rosemine Fragrance Cream - Glamour Precious 140ml,"[Kiss by Rosemine] Крем для тела МАНДАРИН/СЛАДКИЙ ЖАСМИН Fragrance Cream - Glamour Precious, 140 мл",60,"3,136",347,"3,483",60,11.38,12.38,0.03234,3304.99-1000
KBCR002,ROSEMINE,키스바이 로즈마인 프래그런스 크림- 글래머 판타지,8802929004129,Kiss by Rosemine Fragrance Cream - Glamour Fantasy 140ml,"[Kiss by Rosemine] Крем для тела АРОМАТ СПЕЛЫХ ФРУКТОВ Fragrance Cream - Glamour Fantasy, 140 мл",60,"3,136",347,"3,483",60,11.38,12.38,0.03234,3304.99-1000
KBCR006,ROSEMINE,키스바이 로즈마인 프래그런스 크림 글래머 대즐링,8802929007250,Kiss by Rosemine Fragrance Cream-Glamour Dazzling 140ml,"[Kiss by Rosemine] Крем для тела ЦВЕТОЧНО-ФРУКТОВЫЙ АРОМАТ ИЛАНГ-ИЛАНГ/ЯБЛОКО Fragrance Cream - Glamour Dazzling, 140 мл",60,"3,136",347,"3,483",60,11.38,12.38,0.03234,3304.99-1000
KBCR007,ROSEMINE,키스바이 로즈마인 프래그런스 크림 글래머 멜로우,8802929007267,Kiss by Rosemine Fragrance Cream-Glamour Mellow 140ml,"[Kiss by Rosemine] Крем для тела ДРЕВЕСНО-ЦИТРУСОВЫЙ АРОМАТ Fragrance Cream - Glamour Mellow, 140 мл",60,"3,136",347,"3,483",60,11.38,12.38,0.03234,3304.99-1000
KBCR008,ROSEMINE,키스바이 로즈마인 프래그런스 크림 글래머 캔디 블룸,8802929008561,Kiss by Rosemine Fragrance Cream- Glamour Candy Bloom 140ml,"[Kiss by Rosemine] Крем для тела КАРАМЕЛЬНО-ЦВЕТОЧНЫЙ АРОМАТ Fragrance Cream Candy Bloom, 140 мл",60,"3,136",347,"3,483",60,11.38,12.38,0.03234,3304.99-1000
KBHC009,ROSEMINE,"키스바이 로즈마인 프래그런스 핸드크림- 오,프레쉬 포에버",8802929006840,"Kiss by Rosemine Fragrance Hand Cream-Oh, Fresh Forever 30ml","[Kiss by Rosemine] Крем для рук ЦВЕТОЧНЫЙ АРОМАТ ИРИСА Fragrance Hand Cream - Oh, Fresh Forever, 30 мл",400,649,98,747,400,14.4,15.4,0.0238,3304.99-1000
KBHC010,ROSEMINE,"키스바이 로즈마인 프래그런스 핸드크림- 오,프레쉬 허브가든",8802929006857,"Kiss by Rosemine Fragrance Hand Cream-Oh, Fresh Herb Garden 30ml","[Kiss by Rosemine] Крем для рук СВЕЖИЙ ТРАВЯНОЙ АРОМАТ Fragrance Hand Cream - Oh, Fresh Herb Garden, 30 мл",400,649,98,747,400,14.4,15.4,0.0238,3304.99-1000
KBHC006,ROSEMINE,키스바이 로즈마인 프래그런스 핸드크림- 글래머 센슈얼리티,8802929006819,Kiss by Rosemine Fragrance Hand Cream-Glamour Sensuality 30ml,"[Kiss by Rosemine] Крем для рук ДРЕВЕСНО-МУСКУСНЫЙ АРОМАТ Fragrance Hand Cream - Glamour Sensuality, 30 мл",400,649,98,747,400,14.4,15.4,0.0238,3304.99-1000
KBHC008,ROSEMINE,키스바이 로즈마인 프래그런스 핸드크림- 글래머 프레셔스,8802929006833,Kiss by Rosemine Fragrance Hand Cream-Glamour Precious 30ml,"[Kiss by Rosemine] Крем для рук МАНДАРИН/СЛАДКИЙ ЖАСМИН Fragrance Hand Cream - Glamour Precious, 30 мл",400,649,98,747,400,14.4,15.4,0.0238,3304.99-1000
KBHC007,ROSEMINE,키스바이 로즈마인 프래그런스 핸드크림- 글래머 판타지,8802929006826,Kiss by Rosemine Fragrance Hand Cream-Glamour Fantasy 30ml,"[Kiss by Rosemine] Крем для рук АРОМАТ СПЕЛЫХ ФРУКТОВ Fragrance Hand Cream - Glamour Fantasy, 30 мл",400,649,98,747,400,14.4,15.4,0.0238,3304.99-1000
KBHC011,ROSEMINE,키스바이 로즈마인 프래그런스 핸드크림- 글래머 대즐링,8802929009674,Kiss by rosemine fragrance hand cream 30ml  Glamour Dazzling,"[Kiss by Rosemine] Крем для рук ЦВЕТОЧНО-ФРУКТОВЫЙ АРОМАТ ИЛАНГ-ИЛАНГ / ЯБЛОКО Fragrance hand cream - Glamour Dazzling, 30 мл",400,649,98,747,400,14.4,15.4,0.0238,3304.99-1000
KBHC012,ROSEMINE,키스바이 로즈마인 프래그런스 핸드크림- 글래머 멜로우,8802929009681,Kiss by rosemine fragrance hand cream 30ml  Glamour Mellow,"[Kiss by Rosemine] Крем для рук ДРЕВЕСНО-ЦИТРУСОВЫЙ АРОМАТ Fragrance hand cream - Glamour Mellow, 30 мл",400,649,98,747,400,14.4,15.4,0.0238,3304.99-1000
KBHC013,ROSEMINE,키스바이 로즈마인 프래그런스 핸드크림- 글래머 캔디블룸,8802929009698,Kiss by rosemine fragrance hand cream 30ml  Glamour Candy Bloom,"[Kiss by Rosemine] Крем для рук КАРАМЕЛЬНО-ЦВЕТОЧНЫЙ АРОМАТ Fragrance hand cream Glamour Candy Bloom, 30 мл",400,649,98,747,400,14.4,15.4,0.0238,3304.99-1000
KBOW001,ROSEMINE,키스바이 로즈마인 프래그런스 오일워시 글래머 센슈얼리티,8802929007311,Kiss by Rosemine Fragrance Oil Wash-Glamour Sensuality,"[Kiss by Rosemine] Гель для душа ДРЕВЕСНО-МУСКУСНЫЙ АРОМАТ Fragrance Oil Wash - Glamour Sensuality, 300 мл",30,"3,871",420,"4,291",30,10.6,11.6,0.0213,3401.30-0000
KBOW002,ROSEMINE,키스바이 로즈마인 프래그런스 오일워시 글래머 판타지,8802929007328,Kiss by Rosemine Fragrance Oil Wash-Glamour Fantasy,"[Kiss by Rosemine] Гель для душа АРОМАТ СПЕЛЫХ ФРУКТОВ Fragrance Oil Wash - Glamour Fantasy, 300 мл",30,"3,871",420,"4,291",30,10.6,11.6,0.0213,3401.30-0000
KBOW003,ROSEMINE,키스바이 로즈마인 프래그런스 오일워시 글래머 프레셔스,8802929007335,Kiss by Rosemine Fragrance Oil Wash-Glamour Precious,"[Kiss by Rosemine] Гель для душа МАНДАРИН/СЛАДКИЙ ЖАСМИН Fragrance Oil Wash - Glamour Precious, 300 мл",30,"3,871",420,"4,291",30,10.6,11.6,0.0213,3401.30-0000
KBOW004,ROSEMINE,키스바이 로즈마인 프래그런스 오일워시 오 프레쉬 포에버,8802929007342,"Kiss by Rosemine Fragrance Oil Wash-Oh, Fresh Forever","[Kiss by Rosemine] Гель для душа ЦВЕТОЧНЫЙ АРОМАТ ИРИСА Fragrance Oil Wash - Oh, Fresh Forever, 300 мл",30,"3,871",420,"4,291",30,10.6,11.6,0.0213,3401.30-0000
KBOW005,ROSEMINE,키스바이 로즈마인 프래그런스 오일워시 오 프레쉬 허브가든,8802929007359,"Kiss by Rosemine Fragrance Oil Wash-Oh, Fresh Herb Garden","[Kiss by Rosemine] Гель для душа СВЕЖИЙ ТРАВЯНОЙ АРОМАТ Fragrance Oil Wash - Oh, Fresh Herb Garden, 300 мл",30,"3,871",420,"4,291",30,10.6,11.6,0.0213,3401.30-0000
KBBC003,ROSEMINE,키스바이 로즈마인 스텔라리 바디 워시 블리스 300ml,8802929010465,KISS BY ROSEMINE STELLARY BODY WASH Bliss 300ml,"[Kiss by Rosemine] Гель для душа Блаженство STELLARY Body Wash «Bliss», 300 мл",28,"4,830",516,"5,346",28,10.6,11.6,0.03366,3401.30-0000
KBBC002,ROSEMINE,키스바이 로즈마인 스텔라리 바디 워시 호프 300ml,8802929010441,KISS BY ROSEMINE STELLARY BODY WASH Hope 300ml,"[Kiss by Rosemine] Гель для душа Обещание STELLARY Body Wash «Hope», 300 мл",28,"4,830",516,"5,346",28,10.6,11.6,0.03366,3401.30-0000
KBBC001,ROSEMINE,키스바이 로즈마인 스텔라리 바디 워시 센슈얼리티 300ml,8802929010434,KISS BY ROSEMINE STELLARY BODY WASH Sensuality 300ml,"[Kiss by Rosemine] Гель для душа Чувственность STELLARY Body Wash «Sensuality», 300 мл",28,"4,830",516,"5,346",28,10.6,11.6,0.03366,3401.30-0000
KBBC004,ROSEMINE,키스바이 로즈마인 스텔라리 바디 워시 스너그 300ml,8802929010458,KISS BY ROSEMINE STELLARY BODY WASH Snug 300ml,"[Kiss by Rosemine] Гель для душа Гармония STELLARY Body Wash «Snug», 300 мл",28,"4,830",516,"5,346",28,10.6,11.6,0.03366,3401.30-0000
RABD2T1,ROSEMINE,로즈마인 아로마 리 고요 바디 세트 (2종) [워시300ml+로션300ml],8802929010564,Rosemine Aroma Re: Goyo Body Set,,14,"7,455",779,"8,234",14,10.9,11.9,0.03366,3304.99-1000
RMHC001,ROSEMINE,로즈마인 퍼퓸드 핸드크림 가든 로즈,8802929997438,Rosemine Perfumed Hand Cream - Garden Rose,,240,935,127,"1,062",240,16.8,17.8,0.04039,3304.99-1000
RMHC002,ROSEMINE,로즈마인 퍼퓸드 핸드크림 패션 프룻,8802929997445,Rosemine Perfumed Hand Cream - Passion Fruits,,240,935,127,"1,062",240,16.8,17.8,0.04039,3304.99-1000
RMHC003,ROSEMINE,로즈마인 퍼퓸드 핸드크림 쁘띠 베이비,8802929997452,Rosemine Perfumed Hand Cream - Petit Baby,,240,935,127,"1,062",240,16.8,17.8,0.04039,3304.99-1000
RMHC007,ROSEMINE,로즈마인 퍼퓸드 핸드크림 헤스페리데스,8802929999203,Rosemine Perfumed Hand Cream - Hesperides,,240,935,127,"1,062",240,16.8,17.8,0.04039,3304.99-1000
RMHC008,ROSEMINE,로즈마인 퍼퓸드 핸드크림 나나즈 릴리,8802929999210,Rosemine Perfumed Hand Cream - Nana's Lily,,240,935,127,"1,062",240,16.8,17.8,0.04039,3304.99-1000
RMHC015,ROSEMINE,로즈마인 퍼퓸드 핸드크림- 모링가,8802929883151,Rosemine Perfumed Hand Cream - Moringa,,240,935,127,"1,062",240,16.8,17.8,0.04039,3304.99-1000
RMHC016,ROSEMINE,로즈마인 퍼퓸드 핸드크림- 머스크앤머스크2,8802929883168,Rosemine Perfumed Hand Cream - Musk & Musk Ⅱ,,240,935,127,"1,062",240,16.8,17.8,0.04039,3304.99-1000
RMHC017,ROSEMINE,로즈마인 퍼퓸드 핸드크림- 클래식,8802929883175,Rosemine Perfumed Hand Cream - Classic,,240,935,127,"1,062",240,16.8,17.8,0.04039,3304.99-1000
RMHC018,ROSEMINE,"로즈마인 퍼퓸드 핸드크림- 오, 프레쉬",8802929883182,"Rosemine Perfumed Hand Cream - Oh, Fresh",,240,935,127,"1,062",240,16.8,17.8,0.04039,3304.99-1000
RMHC019,ROSEMINE,로즈마인 퍼퓸드 핸드크림- 라비에,8802929883199,Rosemine Perfumed Hand Cream - Lavie,,240,935,127,"1,062",240,16.8,17.8,0.04039,3304.99-1000
KBHC005,ROSEMINE,키스바이 로즈마인 핸드크림 엔젤스 러브,8802929004204,Kiss by Rosemine Fragrance Hand Cream Angel's Love,"[Kiss by Rosemine] Крем для рук АРОМАТ ""ЛЮБОВЬ АНГЕЛА"" Kiss by Rosemine Fragrance Hand Cream Angel's Love, 60 мл",100,"1,418",175,"1,593",100,7.6,8.6,0.02636,3304.99-1000
KBHC004,ROSEMINE,키스바이 로즈마인 핸드크림 엔젤스 로즈,8802929004198,Kiss by Rosemine Fragrance Hand Cream Angel's Rose,"[Kiss by Rosemine] Крем для рук АРОМАТ ""АНГЕЛЬСКАЯ РОЗА"" Kiss by Rosemine Fragrance Hand Cream Angel's Rose, 60 мл",100,"1,418",175,"1,593",100,7.6,8.6,0.02636,3304.99-1000
KBHC002,ROSEMINE,키스바이 로즈마인 핸드크림 엔젤스 패션,8802929004174,Kiss by Rosemine Fragrance Hand Cream Angel's Passion,"[Kiss by Rosemine] Крем для рук АРОМАТ ""СТРАСТЬ АНГЕЛА"" Kiss by Rosemine Fragrance Hand Cream Angel's Passion, 60 мл",100,"1,418",175,"1,593",100,7.6,8.6,0.02636,3304.99-1000
KBHC001,ROSEMINE,키스바이 로즈마인 핸드크림 엔젤스 퓨어,8802929004167,Kiss by Rosemine Fragrance Hand Cream Angel's Pure,"[Kiss by Rosemine] Крем для рук АРОМАТ ""ЧИСТОТА АНГЕЛА"" Kiss by Rosemine Fragrance Hand Cream Angel's Pure, 60 мл",100,"1,418",175,"1,593",100,7.6,8.6,0.02636,3304.99-1000
KBHC003,ROSEMINE,키스바이 로즈마인 핸드크림 엔젤스 하트,8802929004181,Kiss by Rosemine Fragrance Hand Cream Angel's Heart,"[Kiss by Rosemine] Крем для рук АРОМАТ ""СЕРДЦЕ АНГЕЛА"" Kiss by Rosemine Fragrance Hand Cream Angel's Heart, 60 мл",100,"1,418",175,"1,593",100,7.6,8.6,0.02636,3304.99-1000
CCSP001,CERACLINIC,세라클리닉 더마이드 4.0 보태니컬 샴푸,8802929003030,CERACLINIC Dermaid 4.0 Botanical Shampoo,"[CERACLINIC] Шампунь для волос РАСТИТЕЛЬНЫЙ Dermaid 4.0 Botanical Shampoo, 1000 мл",14,"6,489",682,"7,171",14,15.2,16.2,0.03448,3305.10-0000
CCSPT01,CERACLINIC,세라클리닉 더마이드 4.0 보태니컬 샴푸 100ml,8802929004914,CERACLINIC Dermaid 4.0 Botanical Shampoo 100ml,"[CERACLINIC] Шампунь для волос РАСТИТЕЛЬНЫЙ Dermaid 4.0 Botanical Shampoo, 100 мл",80,"1,407",174,"1,581",80,,,,3305.10-0000
CCRS001,CERACLINIC,세라클리닉 더마이드 4.0 보태니컬 플루이드 트리트먼트,8802929003047,CERACLINIC Dermaid 4.0 Botanical Treatment Fluid,"[CERACLINIC] Маска для волос РАСТИТЕЛЬНАЯ Dermaid 4.0 Botanical Treatment Fluid, 500 мл",30,"6,489",682,"7,171",30,15.6,16.6,0.03448,3305.90-1000
CCSPN02,CERACLINIC,세라클리닉 더마이드 4.0 안티 헤어로스 샴푸 그린 클렌즈,8802929008578,CERACLINIC DERMAID 4.0 Anti-Hair Loss SHAMPOO Green Cleanse,"[CERACLINIC] Маска для волос ПРОТИВ ВЫПАДЕНИЯ DERMAID 4.0 Anti Hair Loss Hair Pack Green Cleanse, 1000 мл",13,"6,489",682,"7,171",13,14,15,0.03259,3305.10-0000
CCRSN02,CERACLINIC,세라클리닉 더마이드 4.0 안티헤어로스 헤어팩 그린클렌즈 1000ml,8802929008585,CERACLINIC DERMAID 4.0 Anti Hair Loss Hair Pack Green Cleanse 1000ml,"[CERACLINIC] Маска для волос ПРОТИВ ВЫПАДЕНИЯ DERMAID 4.0 Anti Hair Loss Hair Pack Green Cleanse, 100 мл",13,"6,705",704,"7,409",13,14,15,0.03259,3305.90-1000
CCRT001,CERACLINIC,세라클리닉 더마이드 4.0 안티헤어로스 루트 토닉 그린 클렌즈 110ml,8802929010373,CERACLINIC Dermaid 4.0 Anti-Hair Loss Root Tonic Green Cleanse 110ml,"[CERACLINIC] Тонер-спрей для кожи головы против выпадения Dermaid 4.0 Anti-Hair Loss Root Tonic Green Cleanse, 110 мл",64,"3,077",341,"3,418",64,14.6,15.6,0.02599,3305.90-9000
CCSP003,CERACLINIC,세라클리닉 더마이드 4.0 노 옐로우 샴푸 프로테인 퀀치 500ml,8802929007809,CERACLINIC DERMAID 4.0 No Yellow Shampoo Protein Quench 500ml,"[CERACLINIC] Шампунь для волос ПРОТИВ ЖЕЛТИЗНЫ DERMAID 4.0 No Yellow Shampoo Protein Quench, 500 мл",24,"4,218",455,"4,673",24,13.4,14.4,0.033,3305.10-0000
CCATR01,CERACLINIC,세라클리닉 더마이드 4.0 앰플 트리트먼트 프로테인 퀀치 200ml,8802929010175,CERACLINIC DERMAID 4.0 Ampoule Treatment Protein Quench 200ml,"[CERACLINIC] Спрей для волос DERMAID 4.0 Ampoule Treatment No-Rinse Protein Quench, 200 мл",60,"3,547",388,"3,935",60,14.6,15.6,0.03825,3305.90-9000
CCAB001,CERACLINIC,세라클리닉 더마이드 4.0 앰플 밤 프로테인 퀀치 150m,8802929009902,CERACLINIC Dermaid 4.0 Ampoule Balm Protein Quench 150ml,"[CERACLINIC] Несмываемый бальзам-сыворотка для волос ВОССТАНОВЛЕНИЕ И ЗАЩИТА Dermaid 4.0 Ampoule Balm Protein Quench, 150 мл",54,"4,095",443,"4,538",54,10.6,11.6,0.0345,3305.90-2000
CCAO001,CERACLINIC,세라클리닉 더마이드 4.0 앰플 오일 프로테인 퀀치 95ml,8802929010069,CERACLINIC Dermaid 4.0 Ampoule Oil Protein Quench 95ml,"[CERACLINIC] Питательное масло для волос 4в1 Dermaid 4.0 Ampoule Oil Protein Quench, 95 мл",77,"4,095",443,"4,538",77,9.4,10.4,0.0345,3305.90-9000
CCCC001,CERACLINIC,세라클리닉 더마이드 4.0 컬링 크림 프로테인 퀀치 150ml,8802929010243,CERACLINIC DERMAID 4.0 Curling Cream Protein Quench 150ml,"[CERACLINIC] Крем-уход для кудрявых волос DERMAID 4.0 Curling Cream Protein Quench, 150 мл",54,"2,993",332,"3,325",54,10,11,0.03366,3305.90-9000
CCVF000,CERACLINIC,세라클리닉 더마이드 4.0 볼륨 픽서 프로테인 퀀치 200ml,8802929010335,CERACLINIC DERMAID 4.0 Volume Fixer Protein Quench 200ml,"[CERACLINIC] Спрей для объема DERMAID 4.0 Volume Fixer Protein Quench, 200 мл",60,"2,993",332,"3,325",60,13,14,0.03366,3305.90-9000
CCSP004,CERACLINIC,세라클리닉 더마이드 4.0 앰플 샴푸 프로테인 퀀치 500ml,8802929010281,CERACLINIC DERMAID 4.0 Ampoule Shampoo Protein Quench 500ml,"[CERACLINIC] Шампунь для волос Восстановление и Питание DERMAID 4.0 Ampoule Shampoo Protein Quench, 500 мл",28,"4,673",500,"5,173",28,16,17,0.03366,3305.10-0000
,CERACLINIC,세라클리닉 더마이드 4.0 앰플 샴푸 프로테인 퀀치 30ml,80802929010670,CERACLINIC DERMAID 4.0 Ampoule Shampoo Protein Quench 30ml,,350,670,100,770,,,,,
CCHPB01,CERACLINIC,세라클리닉 더마이드 4.0 헤어팩 프로테인 퀀치 600ml,8802929010656,CERACLINIC Dermaid 4.0 Hair Pack Protein Quench 600ml,"[CERACLINIC] Восстанавливающая маска для волос Dermaid 4.0 Hair Pack Protein Quench, 600 мл",16,"5,030",536,"5,566",16,11.4,12.4,0.03446,3305.90-2000
CCHP001,CERACLINIC,세라클리닉 더마이드 4.0 헤어팩 프로테인 퀀치 250ml,8802929009834,CERACLINIC Dermaid 4.0 Hair Pack Protein Quench 250ml,"[CERACLINIC] Восстанавливающая маска для волос Dermaid 4.0 Hair Pack Protein Quench, 250 мл",48,"4,725",506,"5,231",48,15.2,16.2,0.0345,3305.90-2000
,CERACLINIC,세라클리닉 더마이드 4.0 헤어팩 프로테인 퀀치 30ml,8802929010694,CERACLINIC Dermaid 4.0 Hair Pack Protein Quench 30ml,,350,670,100,770,,,,,
CCCRM01,CERACLINIC,세라클리닉 더마이드 4.0 인텐시브 크림 50ml,8802929002873,Ceraclinic Dermaid 4.0 Intensive Cream 50ml,"[CERACLINIC] Крем для лица УВЛАЖНЕНИЕ Dermaid 4.0 Intensive Cream, 50 мл",100,"1,190",152,"1,342",100,6.2,7.2,0.0359,3304.99-1000
CCBL001,CERACLINIC,세라클리닉 더마이드 4.0 세라마이드 바디로션 500ml,8802929007885,CERACLINIC DERMAID 4.0 Ceramide Body Lotion 500ml,"CERACLINIC DERMAID 4.0 Ceramide Body Lotion, 500 мл",24,"4,725",506,"5,231",24,13.44,14.44,0.03315,3304.99-1000
CCRW001,CERACLINIC,세라클리닉 로우 솔루션 히알루론산 1% 60ml,8802929003092,CERACLINIC Raw Solution  Hyaluronic Acid 1% 60ml,,120,"2,055",239,"2,294",,,,,
CCRW002,CERACLINIC,세라클리닉 로우 솔루션 하이드롤라이즈드 콜라겐 1% 60ml,8802929003108,CERACLINIC Raw Solution  Hydrolyzed Collagen 1% 60ml,,120,"2,055",239,"2,294",,,,,
CCRW003,CERACLINIC,세라클리닉 로우 솔루션 판테놀 수용액 5% 60ml,8802929003115,"CERACLINIC Raw Solution  Panthenol, aqeous 5% 60ml",,120,"2,055",239,"2,294",,,,,
CCRW004,CERACLINIC,세라클리닉 로우 솔루션 센텔라 아시아티카 100 60ml,8802929003863,CERACLINIC Raw Solution  Centella Asiatica 100. 60ml,,120,"2,055",239,"2,294",,,,,
CCRWB01,CERACLINIC,세라클리닉 로우 솔루션 히알루론산 1% 250ml,8802929003122,CERACLINIC Raw Solution  Hyaluronic Acid 1% 250ml,,45,"5,732",606,"6,338",,,,,
CCRWB02,CERACLINIC,세라클리닉 로우 솔루션 콜라겐 1% 250mL,8802929003344,CERACLINIC Raw Solution  Hydrolyzed Collagen 1% 250ml,,45,"5,732",606,"6,338",,,,,
CCRWB03,CERACLINIC,세라클리닉 로우 솔루션 판테놀 수용액 5% 250mL,8802929003351,"CERACLINIC Raw Solution  Panthenol, aqeous 5% 250ml",,45,"5,732",606,"6,338",,,,,
CCRWB04,CERACLINIC,세라클리닉 로우 솔루션 센텔라 아시아티카 100 250ml,8802929003856,CERACLINIC Raw Solution  Centella Asiatica 100 250ml,,45,"5,732",606,"6,338",,,,,
PDBC001,PEDISON,페디슨 데오드 바디클렌저,8802929000671,PEDISON DEO DE Body Cleanser,"[Pedison] Гель для душа ЛИМОН/МЯТА Deo De Body Cleanser, 750 мл",20,"3,136",347,"3,483",20,16.5,17.5,0.0311,3401.30-0000
PDBCT01,PEDISON,페디슨 데오드 바디클렌저 100ml,8802929004907,PEDISON DEO DE Body Cleanser 100ml,"[Pedison] Гель для душа ЛИМОН/МЯТА Deo De Body Cleanser, 100 мл",80,"1,298",163,"1,461",80,,,,3401.30-0000
PDBC002,PEDISON,페디슨 데오드 바디 클렌져 패션 프루츠 750ml,8802929007434,PEDISON DEO DE Body Cleanser Passion Fruits,"[Pedison] Гель для душа ФРУКТЫ DEO DE Body Cleanser Passion Fruits, 750 мл",20,"3,483",381,"3,864",20,16.5,17.5,0.0311,3401.30-0000
WMCR004,PANTHESTIC,위드미 판테스틱 더마 시카 크림 100ml,8802929003429,WITHME Panthestic Derma Cica Cream,,60,"7,462",779,"8,241",,,,,
PTBL001,PANTHESTIC,위드미 판테스틱 더마 시카 AC로션 500ml,8802929007991,WITHME Panthestic Derma Cica AC Lotion,,28,"8,841",917,"9,758",,,,,
PTBC002,PANTHESTIC,위드미 판테스틱 더마 아크네 클렌져 500ml,8802929003559,WITHME Panthestic Derma Acne Cleanser,,30,"8,841",917,"9,758",30,16.9,17.9,0.03432,3401.30-0000
PTFC001,PANTHESTIC,판테스틱 더마 시카 아크네 클렌징 폼 140ml,8802929005959,PANTHESTIC DERMA CICA ACNE CLEANSING FOAM,,56,"3,461",379,"3,840",56,9,10,0.03366,3401.30-0000
PTPW001,PANTHESTIC,판테스틱 더마 시카 파우더 7g,8802929005911,PANTHESTIC DERMA CICA POWDER,,187,"3,893",422,"4,315",,,,,
PTPW002,PANTHESTIC,판테스틱 더마 비타 파우더 7g,8802929005928,PANTHESTIC DERMA VITA POWDER,,187,"3,893",422,"4,315",,,,,
PTEF002,PANTHESTIC,판테스틱 원더필 써마필 이펙터 35ml,8802929006253,PANTHESTIC WONDERFILL THERMAPILL EFFECTOR 35ml,,72,"3,893",422,"4,315",,,,,
PTEF003,PANTHESTIC,판테스틱 원더필 클리어링 이펙터 35ml,8802929006246,PANTHESTIC WONDERFILL CLEARING EFFECTOR 35ml,,72,"3,893",422,"4,315",,,,,
PTEF001,PANTHESTIC,판테스틱 원더필 하이드라 뮤신 이펙터 35ml,8802929006239,PANTHESTIC WONDERFILL HYDRA MUCIN EFFECTOR 35ml,,72,"3,893",422,"4,315",,,,,
WMPK001,WITHME,위드미 어썸 블랙 포어 클리어팩 30g,8802929002422,WITHME Awesome Black Pore Clear Pack,,168,"2,218",255,"2,473",,,,,
WMTN001,WITHME,위드미 스노우 화이트닝 포어 토너 500ml,8802929003023,WITHME Snow Whitening Pore Toner,,24,"7,462",779,"8,241",,,,,
NPBC001,NATURIA,나뚜리아 퓨어 바디워시 750ml_크랜베리 앤 오렌지,8802929996677,NATURIA PURE BODY WASH (Cranberry & Orange),"[NATURIA] Гель для душа КЛЮКВА/АПЕЛЬСИН Pure Body Wash (Cranberry & Orange), 750 мл",24,"2,606",294,"2,900",24,20.4,21.4,0.04162,3401.30-0000
NPBCT01,NATURIA,나뚜리아 퓨어 바디워시 100ml_크랜베리 앤 오렌지,8802929004921,NATURIA PURE BODY WASH 100ml  (Cranberry & Orange),"[NATURIA] Гель для душа КЛЮКВА/АПЕЛЬСИН Pure Body Wash (Cranberry & Orange), 100 мл",80,"1,136",147,"1,283",,,,,
NPBC002,NATURIA,나뚜리아 퓨어 바디워시 750ml_와일드 민트 앤 라임,8802929996684,NATURIA PURE BODY WASH (Wild Mint & Lime),"[NATURIA] Гель для душа МЯТА/ЛАЙМ Pure Body Wash (Wild Mint & Lime), 750 мл",24,"2,606",294,"2,900",24,20.4,21.4,0.04162,3401.30-0000
NPBCT02,NATURIA,나뚜리아 퓨어 바디워시 100ml_와일드 민트 앤 라임,8802929004938,NATURIA PURE BODY WASH 100ml (Wild Mint & Lime),"[NATURIA] Гель для душа МЯТА/ЛАЙМ Pure Body Wash (Wild Mint & Lime), 100 мл",80,"1,136",138,"1,283",,,,,
NPBC003,NATURIA,나뚜리아 퓨어 바디워시 750ml_로즈 앤 로즈마리,8802929996691,NATURIA PURE BODY WASH (Rose & Rosemary),"[NATURIA] Гель для душа РОЗА/РОЗМАРИН Pure Body Wash (Rose & Rosemary), 750 мл",24,"2,606",294,"2,900",24,20.4,21.4,0.04162,3401.30-0000
NPBCT03,NATURIA,나뚜리아 퓨어 바디워시 100ml_로즈 앤 로즈마리,8802929004945,NATURIA PURE BODY WASH 100ml (Rose & Rosemary),"[NATURIA] Гель для душа РОЗА/РОЗМАРИН Pure Body Wash (Rose & Rosemary), 100 мл",80,"1,136",138,"1,283",,,,,
NPBC004,NATURIA,나뚜리아 퓨어 바디워시 750ml_허니 앤 화이트 릴리,8802929996707,NATURIA PURE BODY WASH (Honey & White Lily),"[NATURIA] Гель для душа МЕД/ЛИЛИЯ Pure Body Wash (Honey & White Lily), 750 мл",24,"2,606",294,"2,900",24,20.4,21.4,0.04162,3401.30-0000
NPBCT04,NATURIA,나뚜리아 퓨어 바디워시 100ml_허니 앤 화이트 릴리,8802929004952,NATURIA PURE BODY WASH 100ml (Honey & White Lily),"[NATURIA] Гель для душа МЕД/ЛИЛИЯ Pure Body Wash (Honey & White Lily), 100 мл",80,"1,136",138,"1,283",,,,,
NPBC005,NATURIA,나뚜리아 크리미 밀크 바디워시 750ml- 밀크미,8802929005638,NATURIA  CREAMY MILK BODY WASH  MILK ME,"[NATURIA] Гель для душа МОЛОЧНЫЙ Creamy Milk Body Wash - Milk me, 750 мл",24,"2,931",326,"3,257",24,20.4,21.4,0.04162,3401.30-0000
NPBC006,NATURIA,나뚜리아 크리미 밀크 바디워시 750ml- 쏘바닐라,8802929005645,NATURIA  CREAMY MILK BODY WASH  SO VANILLA,"[NATURIA] Гель для душа ВАНИЛЬ Creamy Milk Body Wash - So vanilla, 750 мл",24,"2,931",326,"3,257",24,20.4,21.4,0.04162,3401.30-0000
NPBC007,NATURIA,나뚜리아 크리미 밀크 바디워시 750ml- 초코라떼,8802929005652,NATURIA  CREAMY MILK BODY WASH  CHOCO LATTE,"[NATURIA] Гель для душа ШОКОЛАД Creamy Milk Body Wash - Choco latte, 750 мл",24,"2,931",326,"3,257",24,20.4,21.4,0.04162,3401.30-0000
NPBC008,NATURIA,나뚜리아 크리미 밀크 바디워시 750ml- 그린티,8802929005669,NATURIA  CREAMY MILK BODY WASH  GREEN TEA,"[NATURIA] Гель для душа ЗЕЛЕНЫЙ ЧАЙ Creamy Milk Body Wash - Green tea, 750 мл",24,"2,931",326,"3,257",24,20.4,21.4,0.04162,3401.30-0000
NPBC009,NATURIA,나뚜리아 크리미 밀크 바디워시 750ml- 무화과,8802929006413,NATURIA  CREAMY MILK BODY WASH  FIG PULP,"[NATURIA] Гель для душа ИНЖИР Creamy Milk Body Wash - Fig Pulp, 750 мл",24,"2,931",326,"3,257",24,20.4,21.4,0.04162,3401.30-0000
NPSS001,NATURIA,나뚜리아  크리미 오일 솔트 스크럽 250g  밀크미,8802929005676,NATURIA  CREAMY OIL SALT SCRUB 250g MILK ME,"[NATURIA] Скраб для тела МОЛОЧНЫЙ Creamy Oil Salt Scrub Milk Me, 250 гр",40,"3,136",347,"3,483",,,,,
NPSS002,NATURIA,나뚜리아  크리미 오일 솔트 스크럽 250g  쏘바닐라,8802929005683,NATURIA  CREAMY OIL SALT SCRUB 250g SO VANILLA,"[NATURIA] Скраб для тела ВАНИЛЬ Creamy Oil Salt Scrub So Vanilla, 250 гр",40,"3,136",347,"3,483",,,,,
NPSS003,NATURIA,나뚜리아  크리미 오일 솔트 스크럽 250g  초코라떼,8802929005690,NATURIA  CREAMY OIL SALT SCRUB 250g CHOCO LATTE,"[NATURIA] Скраб для тела ШОКОЛАД Creamy Oil Salt Scrub Choco Latte, 250 гр",40,"3,136",347,"3,483",,,,,
NPSS004,NATURIA,나뚜리아  크리미 오일 솔트 스크럽 250g  그린티,8802929005706,NATURIA  CREAMY OIL SALT SCRUB 250g GREEN TEA,"[NATURIA] Скраб для тела ЗЕЛЕНЫЙ ЧАЙ Creamy Oil Salt Scrub Green Tea, 250 гр",40,"3,136",347,"3,483",,,,,
NPSS005,NATURIA,나뚜리아  크리미 오일 솔트 스크럽 250g  무화과,8802929006390,NATURIA  CREAMY OIL SALT SCRUB 250g FIG PULP,,40,"3,136",347,"3,483",,,,,
AOHSR00,CHAR CHAR,샤샤 아르간 오일 헤어세럼 200ml,8802929996905,char char argan oil hair serum 200ml,"[Char Char] Сыворотка для волос АРГАНОВОЕ МАСЛО Argan Oil Hair Serum, 200 мл",72,"4,158",449,"4,607",72,15.6,16.6,0.03366,3305.90-9000
AORS000,CHAR CHAR,샤샤 아르간 헤어 컨디셔너 1500ml,8802929996813,char char hair conditioner,"[Char Char] Кондиционер для волос АРГАНОВОЕ МАСЛО Argan Oil Conditioner, 1500 мл",12,"4,110",444,"4,554",12,19,20,0.03813,3305.90-1000
AORSM00,CHAR CHAR,샤샤 아르간 헤어 컨디셔너 500ml,8802929005522,char char hair conditioner 500ml,"[Char Char] Кондиционер для волос АРГАНОВОЕ МАСЛО Argan Oil Conditioner, 500 мл",29,"3,299",363,"3,662",29,16,17,0.03448,3305.90-1000
AORST00,CHAR CHAR,샤샤 아르간 헤어 컨디셔너 100ml,8802929005546,char char hair conditioner 100ml,"[Char Char] Кондиционер для волос АРГАНОВОЕ МАСЛО Argan Oil Conditioner, 100 мл",80,"1,050",138,"1,188",80,9.5,10.5,0.0359,3305.90-1000
AOSP000,CHAR CHAR,샤샤 아르간 헤어 샴푸 1500ml,8802929996806,char char hair shampoo,"[Char Char] Шампунь для волос АРГАНОВОЕ МАСЛО Argan Oil Shampoo, 1500 мл",12,"4,110",444,"4,554",12,19.6,20.6,0.03813,3305.10-0000
AOSPM00,CHAR CHAR,샤샤 아르간 헤어 샴푸 500ml,8802929005515,char char hair shampoo 500ml,"[Char Char] Шампунь для волос АРГАНОВОЕ МАСЛО Argan Oil Shampoo, 500 мл",29,"3,299",363,"3,662",29,16.1,17.1,0.03448,3305.10-0000
AOSPT00,CHAR CHAR,샤샤 아르간 헤어 샴푸 100ml,8802929005539,char char hair shampoo 100ml,"[Char Char] Шампунь для волос АРГАНОВОЕ МАСЛО Argan Oil Shampoo, 100 мл",80,"1,050",138,"1,188",80,9.5,10.5,0.0359,3305.10-0000
AOHAM01,CHAR CHAR,샤샤 아르간 오일 프로테인 헤어 앰플 15g,8802929005300,CHAR CHAR Argan Oil Protein Hair Ampoule 15g,"[Char Char] Сыворотка для волос ВОССТАНОВЛЕНИЕ/АРГАНОВОЕ МАСЛО Argan Oil Protein Hair Ampoule, 15 мл",480,"1,190",152,"1,342",,,,,
AOHA5T1,CHAR CHAR,샤샤 아르간 오일 프로테인 헤어 앰플 15g * 5ea,8802929006475,CHAR CHAR Argan Oil Protein Hair Ampoule 15g * 5ea,"[Char Char] НАБОР Сыворотка для волос ВОССТАНОВЛЕНИЕ/АРГАНОВОЕ МАСЛО Argan Oil Protein Hair Ampoule, 5 шт * 15 мл",40,"5,948",628,"6,576",,,,,
AOHA001,CHAR CHAR,샤샤 아르간 오일 프로테인 헤어 앰플 150g,8802929005294,CHAR CHAR Argan Oil Protein Hair Ampoule 150g,"[Char Char] Сыворотка для волос ВОССТАНОВЛЕНИЕ/АРГАНОВОЕ МАСЛО Argan Oil Protein Hair Ampoule, 150 мл",40,"5,299",563,"5,862",,,,,
AOBC000,CHAR CHAR,샤샤 아르간 오일 바디워시 1500ml,8802929999814,CHAR CHAR Argan Oil Body Wash 1500ml,"[Char Char] Гель для душа АРГАНОВОЕ МАСЛО Argan Oil Body Wash, 1500 мл",12,"4,110",444,"4,554",12,19,20,0.03813,3401.30-0000
AOBL000,CHAR CHAR,샤샤 아르간 오일 바디로션 1500ml,8802929999821,CHAR CAHR Argan Oil Body Lotion 1500ml,"[Char Char] Лосьон для тела АРГАНОВОЕ МАСЛО Argan Oil Body Lotion, 1500 мл",12,"4,542",487,"5,029",12,19,20,0.03813,3304.99-1000
AOHE001,CHAR CHAR,샤샤 아르간 오일 웨이브 볼륨 에센스 250ml,8802929002781,CHAR CAHR Argan Oil Wave Volume Essence 250ml,"[Char Char] Эссенция для волос АРГАНОВОЕ МАСЛО Argan Oil Wave Volume Essense, 250 мл",60,"2,487",282,"2,769",60,17.76,18.76,0.0373,3305.90-9000
AOWS000,CHAR CHAR,샤샤 아르간 오일 슈퍼하드 워터 스프레이 250ml,8802929883755,CHAR CHAR Argan Oil Super Hard Water Spray 250ml,"[Char Char] Спрей для укладки волос АРГАНОВОЕ МАСЛО Argan Oil Super Hard Water Spray, 250 мл",60,"2,812",314,"3,126",60,17,18,0.03729,3305.90-9000
AOSPN01,CHAR CHAR,샤샤 아르간 오일 어성초 안티 헤어로스 샴푸,8802929008837,CHAR CHAR Argan Oil Heartleaf Anti-Hair Loss Shampoo,"[Char Char] Шампунь для волос ПРОТИВ ВЫПАДЕНИЯ Argan Oil Heartleaf Anti-Hair Loss Shampoo, 1500 мл",12,"6,597",693,"7,290",12,19,20,0.03813,3305.10-0000
AOSP002,CHAR CHAR,샤샤 아르간 오일 진저 쿨링 케어 샴푸 1000ml,8802929007700,CHAR CHAR ARGAN OIL GINGER COOLING CARE SHAMPOO 1000ml,"[Char Char] Шампунь для волос УКРЕПЛЕНИЕ / ОХЛАЖДЕНИЕ Argan Oil Ginger Cooling Care Shampoo, 1000 мл",14,"4,218",455,"4,673",14,15.3,16.3,0.036,3305.10-0000
AOSP003,CHAR CHAR,샤샤 아르간 오일 어성초 캡슐 스크럽 샴푸 1000ml,8802929010359,CHARCHAR Argan Oil Heartleaf Capsule Scrub Shampoo 1000ml,"[Char Char] Капсульный шампунь-скраб с аргановым маслом для глубокого очищения кожи головы Argan Oil Heartleaf Capsule Scrub Shampoo, 1000 мл",14,"6,248",658,"6,906",14,15.3,16.3,0.036,3305.10-0000
AOSG000,CHAR CHAR,샤샤 알로에 베라 수딩겔 1500ml,8802929009018,Char Char Aloe vera Soothing Gel 1500ml,"[Char Char] Успокаивающий гель с алоэ вера Aloe Vera Soothing Gel, 1500 мл",12,"4,778",511,"5,289",12,19,20,0.03813,3304.99-1000
AOBC004,CHAR CHAR,샤샤 알로에 베라 바디 워시 1500ml,8802929008981,Char Char Aloe vera Body Wash 1500ml,"[Char Char] Универсальный гель с Алоэ вера для интенсивного восстановления кожи Aloe Vera Body Wash, 1500 мл",12,"4,778",511,"5,289",12,19,20,0.03813,3401.30-0000
AOBL004,CHAR CHAR,샤샤 알로에 베라 바디 로션 1500ml,8802929008998,Char Char Aloe vera Body Lotion 1500ml,"[Char Char] Увлажняющий лосьон для тела с алоэ вера Aloe Vera Body Lotion, 1500 мл",12,"5,040",537,"5,577",12,19,20,0.03813,3304.99-1000
AOSP004,CHAR CHAR,샤샤 알로에 베라 & 프로폴리스 샴푸 1500ml,8802929009506,Char Char Aloe vera & Propolis Shampoo 1500ml,"[Char Char] Успокаивающий шампунь с алоэ вера и прополисом Aloe Vera & Propolis Shampoo, 1500 мл",12,"5,145",548,"5,693",12,19.4,20.4,0.03813,3305.10-0000
AORS004,CHAR CHAR,샤샤 알로에 베라 & 프로폴리스 컨디셔너 1500ml,8802929009544,Char Char Aloe vera & Propolis Conditioner1500ml,"[Char Char] Восстанавливающий кондиционер с алоэ вера и прополисом Aloe Vera & Propolis Conditioner, 1500 мл",12,"5,145",548,"5,693",12,19,20,0.03813,3305.90-1000
AOFC001,CHAR CHAR,샤샤 녹두 시카 클렌징 폼 220ml,8802929010397,CHAR CHAR Mung Bean Cica Cleansing Foam 220ml,"[Char Char] Успокаивающая пенка для умывания с мунг бобами и центеллой азиатской Mung Bean Cica Cleansing Foam, 220 мл",60,"1,733",206,"1,939",60,14.8,15.8,0.04533,3401.30-0000
AOFC002,CHAR CHAR,샤샤 라이스 크림 클렌징 폼 220ml,8802929010755,CHARCHAR Rice Cream Cleansing Foam 220ml,"[Char Char] Кремовая пенка для питания кожи Rice Cream Cleansing Foam , 220 мл",60,"1,830",216,"2,046",60,14.8,15.8,0.04533,3401.30-0000
BDFS001,BORDO,보르도 민트 쿨링 풋 스프레이 150ml,8802929882123,Mint Cooling Foot Spray 150ml,"[Bordo] Спрей для ног ОХЛАЖДАЮЩИЙ Mint Cooling Foot Spray, 150 мл",70,"2,379",271,"2,650",70,12,13,0.03366,3304.99-9000
BDFC001,BORDO,보르도 민트 쿨링 풋 케어 크림 75g,8802929002477,Foot Care Cream 75g,"[Bordo] Крем для ног ОХЛАЖДАЮЩИЙ Foot Care Cream, 75 гр",84,"1,406",174,"1,580",84,8.06,9.06,0.0361,3304.99-1000
BDFM001,BORDO,보르도 드래곤 풋 필링 마스크 20g,8802929002460,Dragon Foot Mask 20g,"[Bordo] Пилинг-носочки Dragon Foot Peeling Mask, 20 гр",200,"1,406",174,"1,580",200,12.3,13.3,0.06178,3304.99-1000
BDFS002,BORDO,보르도 드래곤 풋 필링 스프레이 150ml,8802929006321,Dragon Foot Peeling Spray 150ml,"[Bordo] Пилинг-спрей для ног Dragon Foot Peeling Spray, 150 мл",70,"3,461",379,"3,840",70,13.16,14.16,0.03366,3304.99-9000
BDMK001,BORDO,보르도 드래곤 힐 마스크,8802929007304,Bordo Dragon heel mask,,600,"1,406",174,"1,580",,,,,
BDFS003,BORDO,보르도 드래곤 풋 샴푸,8802929007373,Bordo Dragon Foot Shampoo,,40,"3,028",336,"3,364",,,,,
BDFS004,BORDO,보르도 드래곤 풋스틱 18g,8802929008677,BORDO Dragon Foot Stick 18g,"[Bordo] Увлажняющий стик для ног и сухих участков на теле Dragon Foot Stick, 18 гр",240,"2,993",332,"3,325",240,12.2,13.2,0.03754,3304.99-9000
BTBS003,BATHPA,바스파 오스트레일리안 바스솔트 씨솔트향 1.2kg,8802929003528,Barthpa Australian Bath Salt - Salty Sea,,18,"4,975",531,"5,506",18,23,24,0.03906,3307.30-2000
BTBS002,BATHPA,바스파 오스트레일리안 바스솔트 프레쉬 유자 1.2kg,8802929003504,Barthpa Australian Bath Salt - Fresh Yuja,,18,"4,975",531,"5,506",18,23,24,0.03906,3307.30-2000
BTBS004,BATHPA,바스파 오스트레일리안 바스솔트 컴포트 라벤더 1.2kg,8802929003511,Barthpa Australian Bath Salt - Comfort Lavender,,18,"4,975",531,"5,506",18,23,24,0.03906,3307.30-2000
BTBS005,BATHPA,바스파 오스트레일리안 바스솔트 그린버드향 1.2kg,8802929003535,Barthpa Australian Bath Salt - Green Buds,,18,"4,975",531,"5,506",18,23,24,0.03906,3307.30-2000
BTBS001,BATHPA,바스파 오스트레일리안 바스솔트 소프트 로지 1.2kg,8802929003498,Barthpa Australian Bath Salt - Soft Rosy,,18,"4,975",531,"5,506",18,23,24,0.03906,3307.30-2000
BTSB004,BATHPA,바스파 오스트레일리안 솔트 버블  컴포트 라벤더 500g,8802929007922,Bathpa Australian Salt Bubble Comfort Lavender 500g,,20,"4,830",516,"5,346",20,11.73,12.73,0.03913,3307.30-2000
BTSB002,BATHPA,바스파 오스트레일리안 솔트 버블  프레쉬유자  500g,8802929007915,Bathpa Australian Salt Bubble Fresh Yuja 500g,"[Bathpa] Соль для ванны ПЕНЯЩАЯСЯ/ПРОПОЛИС Bathpa Australian Salt Bubble - Fresh Yuja, 500 гр",20,"4,830",516,"5,346",20,11.73,12.73,0.03913,3307.30-2000
BTSB005,BATHPA,바스파 오스트레일리안 솔트 버블 밀크 바나나 500g,8802929007946,Bathpa Australian Salt Bubble Milk Banana 500g,"[Bathpa] Соль для ванны ПЕНЯЩАЯСЯ/БАНАН Bathpa Australian Salt Bubble - Milk Banana, 500 гр",20,"4,830",516,"5,346",20,11.73,12.73,0.03913,3307.30-2000
BTSB003,BATHPA,바스파 오스트레일리안 솔트 버블  피치 캄 500g,8802929007939,Bathpa Australian Salt Bubble Peach Calm 500g,"[BATHPA] Соль для ванны ПЕНЯЩАЯСЯ/ПЕРСИК Bathpa Australian Salt Bubble - Peach Calm, 500 гр",20,"4,830",516,"5,346",20,11.73,12.73,0.03913,3307.30-2000
BTSB001,BATHPA,바스파 오스트레일리안 솔트 버블  소프트 로지 500g,8802929007908,Bathpa Australian Salt Bubble Soft Rosy 500g,"[Bathpa] Соль для ванны ПЕНЯЩАЯСЯ/РОЗА Bathpa Australian Salt Bubble - Soft Rosy, 500 гр",20,"4,830",516,"5,346",20,11.73,12.73,0.03913,3307.30-2000
BTST2T1,BATHPA,바스파 아로마 라운지 바디 2종 기프트 세트,8802929005898,Barthpa Aroma Lounge Body Gift Set,,10,"7,960",829,"8,789",,,,,
BTDM001,BATHPA,바스파 아로마 라운지 무드 퍼퓸 300ml,8802929006277,Barthpa Aroma Lounge Mood Perfume,,30,"2,271",260,"2,531",45,15.3,16.3,0.03641,
BTSS003,BATHPA,바스파 오스트레일리안 솔트 바디 스크럽 그린티 250ml,8802929008547,BATHPA Australian Salt Body Scrub Green Tea 250ml,,60,"3,465",380,"3,845",60,7,8,0.03366,3304.99-9000
BTSS002,BATHPA,바스파 오스트레일리안 솔트 바디 스크럽 블랙 베리 250ml,8802929008554,BATHPA Australian Salt Body Scrub Black Berry 250ml,,60,"3,465",380,"3,845",60,7,8,0.03366,3304.99-9000
BTSS001,BATHPA,바스파 오스트레일리안 솔트 바디 스크럽 컴포트 라벤더 250ml,8802929008530,BATHPA Australian Salt Body Scrub Comfort Lavender 250ml,,60,"3,465",380,"3,845",60,7,8,0.03366,3304.99-9000
BTBC004,BATHPA,바스파 바스 솔트 스크럽 바디 워시 소프트 로지 1000ml,8802929008004,Bathpa Bath Salt Scrub Body Wash Soft Rosy 1000ml,,14,"6,353",668,"7,021",14,14.4,15.4,0.0322,3401.30-0000
BTBCM04,BATHPA,바스파 바스 솔트 스크럽 바디 워시 소프트 로지 30ml,8802929010663,Bathpa Bath Salt Scrub Body Wash Soft Rosy 30ml,,350,670,100,770,,,,,
BTBC005,BATHPA,바스파 바스 솔트 스크럽 바디 워시 컴포트 라벤더 1000ml,8802929008011,Bathpa Bath Salt Scrub Body Wash Comfort Lavender 1000ml,,14,"6,353",668,"7,021",14,14.4,15.4,0.0322,3401.30-0000
BTBCM05,BATHPA,바스파 바스 솔트 스크럽 바디 워시 컴포트 라벤터 30ml,8802929010687,Bathpa Bath Salt Scrub Body Wash Comfort Lavender 30ml,,350,670,100,770,,,,,
BTBC006,BATHPA,바스파 바스 솔트 스크럽 바디 워시 솔티 씨 1000ml,8802929008226,Bathpa Bath Salt Scrub Body Wash Salty Sea 1000ml,,14,"6,353",668,"7,021",14,14.4,15.4,0.0322,3401.30-0000
BTBC007,BATHPA,바스파 바스 솔트 스크럽 바디 워시 코지 허그 1000ml,8802929009612,Bathpa Bath Salt Scrub Body Wash Cozy Hug 1000ml,,14,"6,353",668,"7,021",14,14.4,15.4,0.0322,3401.30-0000
BTBC009,BATHPA,바스파 바스 솔트 스크럽 바디 워시 차콜 1000ml,8802929010717,Bathpa Bath Salt Scrub Body Wash Charcoal 1000ml,,14,"6,353",668,"7,021",,,,,
BTBCM09,BATHPA,바스파 바스 솔트 스크럽 바디 워시 차콜 30ml,8802929010700,Bathpa Bath Salt Scrub Body Wash Charcoal 30ml,,350,670,100,770,,,,,
BTBC008,BATHPA,바스파 바스 솔트 스크럽 바디 워시 퓨어리프 1000ml,8802929010120,Bathpa Bath Salt Scrub Body Wash Pure Leaf 1000ml,,14,"6,353",668,"7,021",,,,,
BTBC008,BATHPA,바스파 바스 솔트 스크럽 바디 워시 클리어팝 1000ml,8802929010724,Bathpa Bath Salt Scrub Body Wash Clear Pop 1000ml,,14,"6,353",668,"7,021",,,,,
FJEX001,FRAIJOUR,프레쥬 인진쑥 에센스 미스트 115ml,8802929004273,Fraijour Original Artemisia Essence Mist,"[Fraijour] Эссенция для лица РАСТИТЕЛЬНЫЕ ЭКСТРАКТЫ Original Artemisia Essence, 115 мл",96,"3,461",379,"3,840",96,16.4,17.4,0.03366,3304.99-1000
FJSM001,FRAIJOUR,프레쥬 인진쑥 스팀 마스크팩 50g,8802929004303,Fraijour Original Artemisia Steam Mask,"[Fraijour] Маска для лица РАСТИТЕЛЬНЫЕ ЭКСТРАКТЫ Original Artemisia Steam Mask, 50 мл",99,"2,379",271,"2,650",99,7.1,8.1,0.03366,3307.90-9000
FJBF001,FRAIJOUR,프레쥬 인진쑥 버블폼 클렌져 200ml,8802929004297,Fraijour Original Artemisia Bubble Facial Foam,"[Fraijour] Пенка для умывания РАСТИТЕЛЬНЫЕ ЭКСТРАКТЫ Original Artemisia Bubble Facial Foam, 200 мл",70,"2,920",325,"3,245",70,18.6,19.6,0.03787,3401.30-0000
FJFC002,FRAIJOUR,프레쥬 자연약쑥 클렌징폼 150ml,8802929883564,Fraijour original herb wormwood cleansing foam,"[Fraijour] Пенка для умывания РАСТИТЕЛЬНЫЕ ЭКСТРАКТЫ Original Herb Wormwood Cleansing Foam, 150 мл",54,"2,109",244,"2,353",54,10,11,0.03366,3401.30-0000
FJFCPN2,FRAIJOUR,프레쥬 자연약쑥 클렌징폼 5mlx20ea,8802929010137,Fraijour original herb wormwood cleansing foam 5mlx20ea,"[Fraijour] Пенка для умывания РАСТИТЕЛЬНЫЕ ЭКСТРАКТЫ Original Herb Wormwood Cleansing Foam, 5мл*20 шт",34,"2,310",264,"2,574",34,4,5,0.03968,3401.30-0000
FJPGM02,FRAIJOUR,프레쥬 자연약쑥 필링젤 150ml,8802929882604,Fraijour mugwort peeling gel,"[Fraijour] Гель-пилинг для лица РАСТИТЕЛЬНЫЕ ЭКСТРАКТЫ Original Herb Wormwood Peeling Gel, 150 мл",54,"2,109",244,"2,353",54,10.4,11.4,0.03366,3304.99-1000
FJCW001,FRAIJOUR,프레쥬 자연약쑥 클렌징 워터 300ml,8802929002194,Fraijour mugwort cleansing water,"[Fraijour] Жидкость для снятия макияжа РАСТИТЕЛЬНЫЕ ЭКСТРАКТЫ Original Herb Wormwood Cleansing Water, 300 мл",40,"3,028",336,"3,364",40,14.5,15.5,0.03366,3401.30-0000
FJSL001,FRAIJOUR,프레쥬 자연약쑥 진정 토너 500ml,8802929000473,Fraijour mugwort claming tonner,"[Fraijour] Тонер для лица AHA-/BHA-КИСЛОТЫ Original Herb Wormwood Calming Toner, 500 мл",30,"3,948",428,"4,376",30,18,19,0.0376,3304.99-1000
FJCR002,FRAIJOUR,프레쥬 자연약쑥 수분크림 100g,8802929004822,Fraijour mugwort moisturizing cream,"[Fraijour] Крем для лица РАСТИТЕЛЬНЫЕ ЭКСТРАКТЫ Original Herb Wormwood Calming Watery Cream, 100 мл",60,"2,704",304,"3,008",60,10.8,11.8,0.0261,3304.99-1000
FJCRM02,FRAIJOUR,프레쥬 자연약쑥 수분크림 10g,8802929007960,Fraijour mugwort moisturizing cream 10ml,"[Fraijour] Крем для лица РАСТИТЕЛЬНЫЕ ЭКСТРАКТЫ Original Herb Wormwood Calming Watery Cream, 10 мл",500,195,19.5,214.5,500,7,8,0.03366,3304.99-1000
FJSL002,FRAIJOUR,프레쥬 프로 모이스처 크리미 토너 500ml,8802929005423,Fraijour Pro-moisture creamy toner 500ml,"[Fraijour] Тонер для лица УВЛАЖНЕНИЕ Pro-moisture creamy toner, 500 мл",30,"3,948",428,"4,376",30,18,19,0.0376,3304.99-1000
FJCR003,FRAIJOUR,프레쥬 프로 모이스처 인텐시브 크림 50ml,8802929005430,Fraijour Pro-moisture intensive cream 50g,"[Fraijour] Крем для лица УВЛАЖНЯЮЩИЙ Pro-moisture intensive cream, 50 мл",105,"4,434",477,"4,911",105,11.2,12.2,0.03366,3304.99-1000
FJCRM03,FRAIJOUR,프레쥬 프로 모이스처 인텐시브 크림 10ml,8802929007977,Fraijour Pro-moisture intensive cream 10ml,"[Fraijour] Крем для лица УВЛАЖНЯЮЩИЙ Pro-moisture intensive cream, 10 мл",500,255,25.5,280.5,500,7,8,0.03366,3304.99-1000
FJPK001,FRAIJOUR,프레쥬 오리지날 허브 자연약쑥 산소 마스크팩 300ml,8802929005447,Fraijour Original herb wormwood O2 Maskpack 300ml,"[Fraijour] Маска для лица КИСЛОРОДНАЯ Original herb wormwood O2 Maskpack, 300 мл",35,"7,462",779,"8,241",35,13,14,0.03366,3401.30-0000
FJMK5T1,FRAIJOUR,프레쥬 자연약쑥 시트 마스크,8802929005904,Fraijour Origianal Herb Wormwood Sheet Mask 23ml * 5EA,"[Fraijour] НАБОР Тканевая маска для лица РАСТИТЕЛЬНЫЕ ЭКСТРАКТЫ Original Herb Wormwood Sheet Mask, 5 шт * 23 мл",48,"2,109",244,"2,353",48,8.18,9.18,0.0368,3307.90-4000
FJLM001,FRAIJOUR,프레쥬 자연약쑥 립 슬리핑 마스크 12g,8802929008028,Fraijour Wormwood Lip Sleeping Mask 12g,"[Fraijour] Маска для губ РАСТИТЕЛЬНЫЕ ЭКСТРАКТЫ Wormwood Lip Sleeping Mask, 12 мл",286,"1,313",164,"1,477",286,5.72,6.72,0.024024,3304.99-1000
FJCO001,FRAIJOUR,프레쥬 오리지날 허브 자연약쑥 클렌징 오일 210ml,8802929007892,Frijour Original Herb Wormwood Cleansing Oil 210ml,"[Fraijour] Гидрофильное масло для лица РАСТИТЕЛЬНЫЕ ЭКСТРАКТЫ Original Herb Wormwood Cleansing Oil, 210 мл",60,"4,410",474,"4,884",60,14.8,15.8,0.03787,3304.99-1000
FJEX003,FRAIJOUR,프레쥬 오리지날 자연약쑥 파하 필링 에센스 120ml,8802929007854,Fraijour Original Wormwood PHA Peeling Essence 120ml,"[Fraijour] Пилинг-эссенция для лица РАСТИТЕЛЬНЫЕ ЭКСТРАКТЫ/PHA-КИСЛОТЫ Original Wormwood PHA Peeling Essence, 120 мл",84,"3,728",406,"4,134",84,13.44,14.44,0.03366,3304.99-1000
FJCP001,FRAIJOUR,프레쥬 자연약쑥 효소 클렌징 팩,8802929009483,Fraijour Original Wormwood Enzyme Cleansing Pack 80g,"[Fraijour] Энзимная маска-пудра для лица РАСТИТЕЛЬНЫЕ ЭКСТРАКТЫ Original Wormwood Enzyme Cleansing Pack, 80 гр",70,"5,145",548,"5,693",70,8.2,9.2,0.0285,3401.30-0000
FJPW000,FRAIJOUR,프레쥬 프로 모이스처 엔자임 파우더 워시 1g * 30ea,8802929005775,FRAIJOUR PRO MOISTURE ENZYME POWDER WASH 1g * 30ea,"[Fraijour] Очищающая энзимная пудра Pro Moisture Enzyme Powder Wash, 30 шт * 1 гр",50,"4,434",477,"4,911",50,2.8,3.8,0.0376,3401.30-0000
FJMK003,FRAIJOUR,프레쥬 프로 모이스처 밀크 토닝 클레이 마스크,8802929009308,Fraijour Pro Moisture Milk Toning Clay Mask 75g,"[Fraijour] Глиняная маска для лица УВЛАЖНЯЮЩАЯ Pro Moisture Milk Toning Clay Mask, 75 гр",77,"2,415",275,"2,690",77,8,9,0.03366,3307.90-4000
FJMT002,FRAIJOUR,프레쥬 프로 모이스처 크림 미스트 120ml,8802929009636,Fraijour Pro moisture Cream Mist 120ml,"[Fraijour] Увлажняющий мист для лица Pro moisture Cream Mist, 120 мл",104,"4,305",464,"4,769",104,18.5,19.5,0.03366,3304.99-1000
FJCL001,FRAIJOUR,프레쥬 프로 모이스처 버블 클렌저 200g,8802929010199,Fraijour Pro Moisture Bubble Cleanser 200g,"[Fraijour] Увлажняющая нежная пенка для лица Pro Moisture Bubble Cleanser, 200 мл",70,"3,129",346,"3,475",70,18.6,19.6,0.03787,3401.30-0000
FJCR009,FRAIJOUR,프레쥬 프로 모이스처 세라토 에어리 크림 50ml,8802929010250,Fraijour Pro Moisture Cerato Airy Cream 50ml,"[Fraijour] Увлажняющий муссовый крем для лица Pro Moisture Cerato Airy Cream, 50 мл",60,"4,515",485,"5,000",60,9,10.2,0.0261,3304.99-1000
FJCRM09,FRAIJOUR,프레쥬 프로 모이스처 세라토 에어리 크림 10ml,8802929010205,Fraijour Pro Moisture Cerato Airy Cream 10ml,"[Fraijour] Увлажняющий муссовый крем для лица Pro Moisture Cerato Airy Cream, 10 мл",500,998,133,"1,131",500,7,8,0.03366,3304.99-1000
FJCB002,FRAIJOUR,프레쥬 프로 모이스처 엔자임 클렌징 밤 110ml,8802929010571,Fraijour Pro Moisture Enzyme Cleansing Balm 110ml,"[Fraijour] Гидрофильный бальзам с энзимами для очищения кожи Pro Moisture Enzyme Cleansing Balm, 110 мл",60,"4,678",501,"5,179",60,10.2,11.2,0.0261,3304.99-1000
FJCB001,FRAIJOUR,프레쥬 유쥬 허니 올 클렌징 밤 50ml,8802929006901,Fraijour Yuzu Honey All Cleansing Balm 50ml,"[Fraijour] Гидрофильный бальзам для лица ПРОПОЛИС Yuzu Honey All Cleansing Balm, 50 мл",54,"3,407",374,"3,781",54,6.8,7.8,0.0252,3304.99-1000
FJCR004,FRAIJOUR,프레쥬 유쥬 허니 인리치드 크림 50ml,8802929006918,Fraijour Yuzu Honey Enriched Cream 50ml,"[Fraijour] Крем для лица ПРОПОЛИС Yuzu Honey Enriched Cream, 50 мл",105,"4,434",477,"4,911",105,11.2,12.2,0.03366,3304.99-1000
FJCRM04,FRAIJOUR,프레쥬 유쥬 허니 인리치드 크림 10ml,8802929008288,Fraijour Yuzu Honey Enriched Cream 10ml,"[Fraijour] Крем для лица ПРОПОЛИС Yuzu Honey Enriched Cream, 10 мл",500,630,96,726,500,7,8,0.03366,3304.99-1000
FJSL003,FRAIJOUR,프레쥬 유쥬 허니 에센셜 토너 250ml,8802929006925,Fraijour Yuzu Honey Essential Toner 250ml,"[Fraijour] Тонер для лица ПРОПОЛИС Yuzu Honey Essential Toner, 250 мл",50,"3,948",428,"4,376",50,16.75,17.75,0.02871,3304.99-1000
FJLM002,FRAIJOUR,프레쥬 유주허니 립 슬리핑 마스크 12g,8802929008035,Fraijour Yuzu Honey Lip Sleeping Mask 12g,"[Fraijour] Маска для губ ПРОПОЛИС Yuzu Honey Lip Sleeping Mask, 12 мл",286,"1,313",164,"1,477",286,5.72,6.72,0.024024,3304.99-1000
FJFC004,FRAIJOUR,프레쥬 유주허니 올 클리어 클렌징 폼 250ml,8802929007984,Fraijour Yuzu Honey All Clear Cleansing Foam 250ml,"[Fraijour] Пенка для умывания ПРОПОЛИС Yuzu Honey All Clear Cleansing Foam, 250 мл",47,"3,203",353,"3,556",47,14,15,0.03729,3401.30-0000
FJEC001,FRAIJOUR,프레쥬 유주 허니 캡슐 아이크림 20ml,8802929008813,FRAIJOUR Yuzu Honey Capsule Eye Cream 20ml,"[Fraijour] Крем для области вокруг глаз КАПСУЛЬНЫЙ/ПРОПОЛИС Yuzu Honey Capsule Eye Cream, 15 мл",168,"2,310",264,"2,574",168,6.5,7.5,0.03366,3304.99-1000
FJMK004,FRAIJOUR,프레쥬 유주 허니 안티 멜라 캡슐 마스크,8802929009438,Fraijour Yuzu Honey Anti-Mela Capsule Mask 75ml,"[Fraijour] Капсульная маска для лица ЮДЗУ Yuzu Honey Anti-Mela Capsule Mask, 75 мл",77,"2,940",327,"3,267",77,6.7,8.7,0.03366,3304.99-9000
FJSL006,FRAIJOUR,프레쥬 레틴 콜라겐 3D 코어 토너 250ml,8802929008080,Fraijour Retin-Collagen 3D Core Toner 250ml,"[Fraijour] Тонер для лица КОЛЛАГЕН / РЕТИНОЛ Retin-Collagen 3D Core Toner, 250 мл",50,"3,990",432,"4,422",50,15.5,16.5,0.02823,3304.99-1000
FJCR006,FRAIJOUR,프레쥬 레틴 콜라겐 3D 코어 크림 50ml,8802929008073,Fraijour Retin-Collagen 3D Core Cream 50ml,"[Fraijour] Крем для лица КОЛЛАГЕН / РЕТИНОЛ Retin-Collagen 3D Core Cream, 50 мл",90,"4,095",443,"4,538",90,10.5,11.5,0.03366,3304.99-1000
FJCRM06,FRAIJOUR,프레쥬 레틴 콜라겐 3D 코어 크림 10ml,8802929008202,Fraijour Retin-Collagen 3D Core Cream 10ml,"[Fraijour] Крем для лица КОЛЛАГЕН / РЕТИНОЛ Retin-Collagen 3D Core Cream, 10 мл",500,325,47.5,372.5,500,7,8,0.03366,3304.99-1000
FJEC006,FRAIJOUR,프레쥬 레틴 콜라겐 3D 코어 아이크림 15ml,8802929008066,Fraijour Retin-Collagen 3D Core Eye Cream 15ml,"[Fraijour] Крем для области вокруг глаз КОЛЛАГЕН / РЕТИНОЛ Retin-Collagen 3D Core Eye Cream, 15 мл",168,"2,310",264,"2,574",168,6.4,6.9,0.03366,3304.99-1000
FJFC005,FRAIJOUR,프레쥬 레틴 콜라겐 3D 코어 클렌징 폼 250ml,8802929008370,Fraijour Retin-Collagen 3D Core Cleansing Foam 250ml,"[Fraijour] Пенка-гель для умывания КОЛЛАГЕН/РЕТИНОЛ Retin-Collagen 3D Core Cleansing Foam, 250 мл",47,"3,203",353,"3,556",47,14,15,0.03729,3401.30-0000
FJMT001,FRAIJOUR,프레쥬 레틴 콜라겐 3D 코어 앰플 미스트 200ml,8802929008509,Fraijour Retin-Collagen 3D Core Ampoule Mist 200ml,"[Fraijour] Спрей-сыворотка для лица КОЛЛАГЕН/РЕТИНОЛ Retin-Collagen 3D Core Ampoule Mist, 200 мл",60,"3,990",432,"4,422",60,16,17,0.03871,3304.99-1000
FJXX3T1,FRAIJOUR,프레쥬 레틴 콜라겐 3D 코어 기프트 세트,8802929008363,Fraijour Retin-Collagen 3D Core Gift Set,"[Fraijour] Набор КОЛЛАГЕН/РЕТИНОЛ Retin Collagen 3D Core Gift Set, 250 мл/50 мл/15 мл*2 шт",12,"15,330","1,566","16,896",12,8.8,9.8,0.03976,3304.99-1000
FJMK006,FRAIJOUR,프레쥬 레틴 콜라겐 3D 코어 래디언스 마스크,8802929009322,Fraijour Retin-Collagen 3D Core Radiance Mask 75ml,"[Fraijour] Укрепляющая маска для лица КОЛЛАГЕН/РЕТИНОЛ Retin-Collagen 3D Core Radiance Mask, 75 мл",77,"2,415",275,"2,690",77,7.4,8.4,0.03366,3304.99-9000
FJOF001,FRAIJOUR,프레쥬 레틴 콜라겐 3D 코어 오일 투 폼 클렌저,8802929009476,Fraijour Retin-Collagen 3D Core Oil to Foam Cleanser 210g,"[Fraijour] Гидрофильное масло-пенка для лица КОЛЛАГЕН/РЕТИНОЛ Retin-Collagen 3D Core Oil to Foam Cleanser, 210 мл",60,"3,675",401,"4,076",60,16,17,0.03366,3401.30-0000
FJAP001,FRAIJOUR,프레쥬 레틴 콜라겐 3D 코어 앰플,8802929008943,Fraijour Retin-Collagen 3D Core Ampoule 50ml,"[Fraijour] Кремовая сыворотка для лица КОЛЛАГЕН/РЕТИНОЛ Retin-Collagen 3D Core Ampoule, 50 мл",104,"4,830",516,"5,346",104,12.8,13.8,0.03366,3304.99-1000
FJLO001,FRAIJOUR,프레쥬 레틴 콜라겐 3D 코어 립오일 3.5ml,8802929009797,Fraijour Retin-Collagen 3D Core Lip Oil 3.5ml,"[Fraijour] Масло для губ КОЛЛАГЕН / РЕТИНАЛЬ Retin-Collagen 3D Core Lip Oil, 3,5 мл",91,"2,310",264,"2,574",91,1.4,2.4,0.00612,3304.99-1000
FJPW001,FRAIJOUR,프레쥬 레틴 콜라겐 3D 코어 파우더 워시 1g * 30ea,8802929009759,Fraijour Retin-Collagen 3D Core Powder Wash 1g * 30ea,"[Fraijour] Укрепляющая энзимная пудра КОЛЛАГЕН / РЕТИНАЛЬ Retin-Collagen 3D Core Powder Wash, 30 шт * 1 гр",50,"4,515",485,"5,000",50,2.8,3.8,0.03831,3401.30-0000
FJBB001,FRAIJOUR,프레쥬 레틴 콜라겐 3D 코어 블레미쉬 밤  SPF 30 PA+++ 50g,8802929009896,Fraijour Retin-Collagen 3D Core Blemish Balm SPF 30 PA+++ 50g,"[Fraijour] ВВ-крем для лица КОЛЛАГЕН / РЕТИНАЛЬ Retin-Collagen 3D Core Blemish Balm SPF 30 PA+++, 50 мл",96,"3,360",369,"3,729",96,7,8,0.03366,3304.99-1000
FJBBP01,FRAIJOUR,프레쥬 레틴 콜라겐 3D 코어 블레미쉬 밤  SPF 30 PA+++ 2g,8802929010151,Fraijour Retin-Collagen 3D Core Blemish Balm SPF 30 PA+++ 2g,"[Fraijour] ВВ-крем для лица КОЛЛАГЕН / РЕТИНАЛЬ Retin-Collagen 3D Core Blemish Balm SPF 30 PA+++, 2 мл",1000,137,14,151,1000,2.7,3.7,0.00554,3304.99-1000
FJCR005,FRAIJOUR,프레쥬 어성초 블레미쉬 크림 100ml,8802929007861,Fraijour Heartleaf Blemish Moisture Cream 100ml,"[Fraijour] Крем для лица ХАУТТЮЙНИЯ Heartleaf Blemish Moisture Cream, 100 мл",60,"3,570",390,"3,960",60,10.8,11.8,0.0261,3304.99-1000
FJCRM05,FRAIJOUR,프레쥬 어성초 블레미쉬 크림 10ml,8802929008295,Fraijour Heartleaf Blemish Moisture Cream 10ml,"[Fraijour] Крем для лица ХАУТТЮЙНИЯ Heartleaf Blemish Moisture Cream, 10 мл",500,536,87,623,500,7,8,0.03366,3304.99-1000
FJFC003,FRAIJOUR,프레쥬 어성초 블레미쉬 클렌징 폼 250ml,8802929007953,Fraijour Heartleaf Blemish pH Balanced Cleansing Foam 250ml,"[Fraijour] Пенка для умывания ХАУТТЮЙНИЯ Heartleaf Blemish pH Balanced Cleansing Foam, 250 мл",47,"2,940",327,"3,267",47,11.8,12.8,0.03729,3401.30-0000
FJSL004,FRAIJOUR,프레쥬 어성초 블레미쉬 토너 500ml,8802929007380,Fraijour Heartleaf Blemish Toner,"[Fraijour] Тонер для лица ХАУТТЮЙНИЯ Heartleaf Blemish Toner, 500 мл",30,"4,110",444,"4,554",30,18,19,0.0376,3304.99-1000
FJEX002,FRAIJOUR,프레쥬 어성초 인테시브 카밍 에센스 120ml,8802929007830,Fraijour Heartleaf Intensive Calming Essence 120ml,"[Fraijour] Эссенция для лица ХАУТТЮЙНИЯ Heartleaf Intensive Calming Essence, 120 мл",84,"5,991",632,"6,623",84,13.6,14.6,0.03366,3304.99-1000
FJCO002,FRAIJOUR,프레쥬 어성초 포어 멜팅 클렌징 오일 210ml,8802929010267,Fraijour Heartleaf Pore Melting Cleansing Oil 210ml,"[Fraijour] Гидрофильное масло для чувствительной кожи с хауттюйнией Heartleaf Pore Melting Cleansing Oil, 210 мл",60,"5,303",563,"5,866",60,14.8,15.8,0.03787,3304.99-1000
FJGB001,FRAIJOUR,프레쥬 어성초 블레미쉬 클렌징 젤 밤 100ml,8802929010731,Fraijour Heartleaf Blemish Cleansing Gel Balm 100ml,[Fraijour] Очищающий гель-бальзам Heartleaf Blemish Cleansing Gel Balm 100 мл,84,"3,550",388,"3,938",84,9.9,10.9,0.03366,3304.99-1000
FJPD001,FRAIJOUR,프레쥬 오리지날 허브 자연약쑥 포어패드 60ea/170ml,8802929008783,FRAIJOUR Original Herb Wormwood Pore Pad 60ea/170ml,"[Fraijour] Тонизирующие пэды для лица с АНА/ВНА/РНА Original Herb Wormwood Pore Pad, 60шт/170 мл",30,"6,615",695,"7,310",30,8.2,9.2,0.03366,3304.99-1000
FJPDR01,FRAIJOUR,프레쥬 오리지날 허브 자연약쑥 포어패드 리필60ea/170ml,8802929008752,FRAIJOUR Original Herb Wormwood Pore Pad Refill 60ea/170ml,"[Fraijour] Тонизирующие пэды для лица с АНА/ВНА/РНА (рефил) Original Herb Wormwood Pore Pad Refill, 60шт/170 мл",25,"2,520",285,"2,805",25,5,6,0.03366,3304.99-1000
FJSC002,FRAIJOUR,프레쥬 어성초 에어리 핏 선크림 SPF 50+ PA ++++ 50ml,8802929008899,Fraijour Heartleaf Airy Fit Sun Cream  SPF 50+ PA ++++ 50ml,"[Fraijour] Солнцезащитный крем Heartleaf Airy Fit Sun Cream SPF 50+ PA ++++, 50 мл",96,"3,360",369,"3,729",96,6.6,7.6,0.03366,3304.99-1000
FJSC003,FRAIJOUR,프레쥬 어성초 워터 핏 선스크린 [50ml],8802929009025,Fraijour Heartleaf Water Fit Sun Screen,"[Fraijour] Лёгкий солнцезащитный крем для лица с SPF 50+ PA++++ Heartleaf Water Fit Sun Screen, 50 мл",80,"4,678",501,"5,179",80,5.8,6.8,0.0267,3304.99-1000
FJMK005,FRAIJOUR,프레쥬 어성초 포어 멜팅 겔 마스크,8802929009315,Fraijour Heartleaf Pore Melting Gel Mask 75ml,"[Fraijour] Очищающая маска для лица ХАУТТЮЙНИЯ Heartleaf Pore Melting Gel Mask, 75 мл",77,"2,100",243,"2,343",77,6.7,8.7,0.03366,3307.90-4000
FJMK007,FRAIJOUR,프레쥬 바이옴 5-락토 리텍스쳐라이징 로지 마스크,8802929009346,Fraijour Biome 5-Lacto Retexturizing Rosy Mask 75g,"[Fraijour] Biome 5-Lacto Retexturizing Rosy Mask Обновляющая маска для лица ПРОБИОТИКИ, 75 гр",77,"2,415",275,"2,690",77,8,9,0.03366,3307.90-4000
FJAP003,FRAIJOUR,프레쥬 어성초 블레미쉬 리뉴 앰플 50ml,8802929010410,Fraijour Heartleaf Blemish Renew Ampoule 50ml,"[Fraijour] Концентрированная сыворотка для чувствительной и проблемной кожи Heartleaf Blemish Renew Ampoule, 50 мл",96,"4,095",443,"4,538",96,10.05,11.5,0.02356,3304.99-1000
FJAP003,FRAIJOUR,프레주 프로 모이스처 B-5 히알루 앰플 50ml,8802929010403,Fraijour Pro Moisture B5-Hyalu Ampoule 50ml,"[Fraijour] Концентрированная сыворотка для глубокого увлажнения кожи Pro Moisture B5-Hyalu Ampoule, 50 мл",96,"4,095",443,"4,538",96,10.05,11.5,0.02356,3304.99-1000
FJAP004,FRAIJOUR,프레쥬 유주 허니 올리고 써지 앰플 50ml,8802929010427,Fraijour Yuzu Honey Oligo Surge Ampoule 50ml,"[Fraijour] Концентрированная сыворотка для сияния кожи Yuzu Honey Oligo Surge Ampoule, 50 мл",96,"5,145",548,"5,693",96,10.05,11.5,0.02356,3304.99-1000
FJCR007,FRAIJOUR,프레쥬 바이옴 5-락토 밸런스 모이스쳐라이져 50ml,8802929008622,Fraijour Biome 5-Lacto Balance Moisturizer 50ml,"[Fraijour] Biome 5-Lacto Balance Moisturizer Крем для лица ПРОБИОТИКИ, 50 мл",90,"1,943",385,"2,328",90,8.3,9.3,0.03366,3304.99-1000
FJAP007,FRAIJOUR,프레쥬 바이옴 5-락토 트리트먼트 앰플 50ml,8802929008615,Fraijour Biome 5-Lacto Treatment Ampoule 50ml,"[Fraijour] Biome 5-Lacto Treatment Ampoule Сыворотка для лица ПРОБИОТИКИ, 50 мл",96,"4,515",485,"5,000",96,10.4,11.4,0.02333,3304.99-1000
FJSL007,FRAIJOUR,프레쥬 바이옴 5-락토 밸런스 토너 300ml,8802929008608,Fraijour Biome 5-Lacto Balance Toner 300ml,"[Fraijour] Biome 5-Lacto Balance Toner Тонер для лица ПРОБИОТИКИ, 300 мл",32,"3,360",369,"3,729",32,12.3,12.3,0.0252,3304.99-1000
FJGC007,FRAIJOUR,프레쥬 바이옴 5-락토 밸런스 젤 클렌저 210ml,8802929008653,Fraijour Biome 5-Lacto Balance Gel Cleanser 210ml,"[Fraijour] Biome 5-Lacto Balance Gel Cleanser Гель для умывания ПРОБИОТИКИ, 210 мл",60,"1,470",180,"1,650",60,17,18,0.03871,3401.30-0000
FJWE001,FRAIJOUR,프레쥬 알케믹 진세노사이드 워터리 에센스 250ml,8802929009841,Fraijour Alchemic Ginsenoside Watery Essence 250ml,"[Fraijour] Антивозрастное гидрофильное масло-пенка КРАСНЫЙ ЖЕНЬШЕНЬ Alchemic Ginsenoside Oil to Foam Cleanser, 210 мл",45,"5,145",548,"5,693",45,14,15,0.03787,3304.99-1000
FJWEM01,FRAIJOUR,프레쥬 알케믹 진세노사이드 워터리 에센스 30ml,8802929009773,Fraijour Alchemic Ginsenoside Watery Essence 30ml,"[Fraijour] Антивозрастное гидрофильное масло-пенка КРАСНЫЙ ЖЕНЬШЕНЬ Alchemic Ginsenoside Oil to Foam Cleanser, 30 мл",187,"1,260",159,"1,419",187,7.8,9.8,0.02563,3304.99-1000
FJSL008,FRAIJOUR,프레쥬 알케믹 진세노사이드 허벌 알엑스 토너 250ml,8802929009858,Fraijour Alchemic Ginsenoside Herbal Rx Toner 250ml,"[Fraijour] Антивозрастной тонер для лица КРАСНЫЙ ЖЕНЬШЕНЬ Alchemic Ginsenoside Herbal Rx Toner, 250 мл",45,"4,410",474,"4,884",45,13.6,14.6,0.03001,3304.99-1000
FJSLM08,FRAIJOUR,프레쥬 알케믹 진세노사이드 허벌 알엑스 토너 30ml,8802929009803,Fraijour Alchemic Ginsenoside Herbal Rx Toner 30ml,"[Fraijour] Антивозрастной тонер для лица КРАСНЫЙ ЖЕНЬШЕНЬ Alchemic Ginsenoside Herbal Rx Toner, 30 мл",187,"1,050",138,"1,188",187,8.8,9.8,0.02563,3304.99-1000
FJCR008,FRAIJOUR,프레쥬 알케믹 진세노사이드 인텐스 퍼밍 크림 50ml,8802929009865,Fraijour Alchemic Ginsenoside Intense Firming Cream 50ml,"[Fraijour] Антивозрастной крем для лица КРАСНЫЙ ЖЕНЬШЕНЬ Alchemic Ginsenoside Intense Firming Cream, 50 мл",60,"4,410",474,"4,884",60,9.2,10.2,0.0261,3304.99-1000
FJCRM08,FRAIJOUR,프레쥬 알케믹 진세노사이드 인텐스 퍼밍 크림 10ml,8802929009780,Fraijour Alchemic Ginsenoside Intense Firming Cream 10ml,"[Fraijour] Антивозрастной крем для лица КРАСНЫЙ ЖЕНЬШЕНЬ Alchemic Ginsenoside Intense Firming Cream, 10 мл",500,945,128,"1,073",500,7,8,0.03366,3304.99-1000
FJOF002,FRAIJOUR,프레쥬 알케믹 진세노사이드 오일 투 폼 클렌져 210g,8802929009889,Fraijour Alchemic Ginsenoside Oil to Foam Cleanser 210g,"[Fraijour] Антивозрастное гидрофильное масло-пенка КРАСНЫЙ ЖЕНЬШЕНЬ Alchemic Ginsenoside Oil to Foam Cleanser, 210 мл",60,"3,780",411,"4,191",60,16,17,0.03366,3401.30-0000
FJOFM02,FRAIJOUR,프레쥬 알케믹 진세노사이드 오일 투 폼 클렌져 30ml,8802929009810,Fraijour Alchemic Ginsenoside Oil to Foam Cleanser 30ml,"[Fraijour] Антивозрастное гидрофильное масло-пенка КРАСНЫЙ ЖЕНЬШЕНЬ Alchemic Ginsenoside Oil to Foam Cleanser, 30 мл",350,"1,050",138,"1,188",350,12,13,0.03366,3401.30-0000
FJES001,FRAIJOUR,프레쥬 알케믹 진세노사이드 컨투어 아이 세럼 25ml,8802929009872,Fraijour Alchemic Ginsenoside Contour Eye Serum 25ml,"[Fraijour] Антивозрастная сыворотка для кожи вокруг глаз КРАСНЫЙ ЖЕНЬШЕНЬ Alchemic Ginsenoside Contour Eye Serum, 25 мл",168,"2,625",296,"2,921",168,7.8,8.8,0.03366,3304.99-1000
FJMK008,FRAIJOUR,프레쥬 알케믹 진세노사이드 엑소 랩 마스크 80g,8802929010632,Fraijour Alchemic Ginsenoside Exo Wrap Mask 80g,"[Fraijour] Антивозрастная маска-плёнка КРАСНЫЙ ЖЕНЬШЕНЬ Alchemic Ginsenoside Exo-Wrap Mask, 80 мл",77,"2,940",327,"3,267",77,8.2,9.2,0.03366,3304.99-9000